node_id,node_type,identifier,source_file,contract_name,function_name,line_start,line_end,extra_json
contract:0x7a8721a9d64c74da899424c1b52acbf58ddc9782,Contract,0x7a8721a9d64c74da899424c1b52acbf58ddc9782,0x7a8721a9d64c74da899424c1b52acbf58ddc9782.sol,0x7a8721a9d64c74da899424c1b52acbf58ddc9782,,9,62,"{""_layers"": [""stage1_ast""], ""ast_id"": 124, ""src"": ""102:1098:0"", ""contractKind"": ""contract"", ""original_contract_name"": ""PrivateDeposit""}"
statevar:0x7a8721a9d64c74da899424c1b52acbf58ddc9782.balances,StateVar,balances,0x7a8721a9d64c74da899424c1b52acbf58ddc9782.sol,0x7a8721a9d64c74da899424c1b52acbf58ddc9782,,11,11,"{""_layers"": [""stage1_ast""], ""ast_id"": 5, ""src"": ""132:41:0"", ""type"": ""mapping(address => uint256)"", ""visibility"": ""public""}"
statevar:0x7a8721a9d64c74da899424c1b52acbf58ddc9782.MinDeposit,StateVar,MinDeposit,0x7a8721a9d64c74da899424c1b52acbf58ddc9782.sol,0x7a8721a9d64c74da899424c1b52acbf58ddc9782,,13,13,"{""_layers"": [""stage1_ast""], ""ast_id"": 8, ""src"": ""188:32:0"", ""type"": ""uint256"", ""visibility"": ""public""}"
statevar:0x7a8721a9d64c74da899424c1b52acbf58ddc9782.owner,StateVar,owner,0x7a8721a9d64c74da899424c1b52acbf58ddc9782.sol,0x7a8721a9d64c74da899424c1b52acbf58ddc9782,,14,14,"{""_layers"": [""stage1_ast""], ""ast_id"": 10, ""src"": ""226:20:0"", ""type"": ""address"", ""visibility"": ""public""}"
statevar:0x7a8721a9d64c74da899424c1b52acbf58ddc9782.TransferLog,StateVar,TransferLog,0x7a8721a9d64c74da899424c1b52acbf58ddc9782.sol,0x7a8721a9d64c74da899424c1b52acbf58ddc9782,,16,16,"{""_layers"": [""stage1_ast""], ""ast_id"": 12, ""src"": ""257:15:0"", ""type"": ""contract Log"", ""visibility"": ""internal""}"
function:0x7a8721a9d64c74da899424c1b52acbf58ddc9782.PrivateDeposit,Function,PrivateDeposit,0x7a8721a9d64c74da899424c1b52acbf58ddc9782.sol,0x7a8721a9d64c74da899424c1b52acbf58ddc9782,PrivateDeposit,23,27,"{""_layers"": [""stage1_ast"", ""stage4_control""], ""ast_id"": 38, ""src"": ""373:98:0"", ""kind"": """", ""visibility"": ""public"", ""stateMutability"": ""nonpayable"", ""implemented"": true, ""_conflict__kind"": [""declared_function_from_cfg""], ""actual_contract_name"": ""PrivateDeposit""}"
modifier:0x7a8721a9d64c74da899424c1b52acbf58ddc9782.PrivateDeposit.1,Modifier,modifier_1,0x7a8721a9d64c74da899424c1b52acbf58ddc9782.sol,0x7a8721a9d64c74da899424c1b52acbf58ddc9782,PrivateDeposit,23,27,"{""_layers"": [""stage1_ast""], ""source"": ""function.modifiers""}"
stmt:0x7a8721a9d64c74da899424c1b52acbf58ddc9782.PrivateDeposit.1,Stmt,stmt_1,0x7a8721a9d64c74da899424c1b52acbf58ddc9782.sol,0x7a8721a9d64c74da899424c1b52acbf58ddc9782,PrivateDeposit,25,25,"{""_layers"": [""stage1_ast""], ""ast_id"": 30, ""src"": ""413:18:0"", ""stmt_kind"": ""ExpressionStatement""}"
assign:0x7a8721a9d64c74da899424c1b52acbf58ddc9782.PrivateDeposit.1.1,Assignment,assign_1_1,0x7a8721a9d64c74da899424c1b52acbf58ddc9782.sol,0x7a8721a9d64c74da899424c1b52acbf58ddc9782,PrivateDeposit,25,25,"{""_layers"": [""stage1_ast""], ""ast_id"": 29, ""src"": ""413:18:0"", ""operator"": ""="", ""type"": ""address""}"
stmt:0x7a8721a9d64c74da899424c1b52acbf58ddc9782.PrivateDeposit.2,Stmt,stmt_2,0x7a8721a9d64c74da899424c1b52acbf58ddc9782.sol,0x7a8721a9d64c74da899424c1b52acbf58ddc9782,PrivateDeposit,26,26,"{""_layers"": [""stage1_ast""], ""ast_id"": 36, ""src"": ""441:23:0"", ""stmt_kind"": ""ExpressionStatement""}"
assign:0x7a8721a9d64c74da899424c1b52acbf58ddc9782.PrivateDeposit.2.1,Assignment,assign_2_1,0x7a8721a9d64c74da899424c1b52acbf58ddc9782.sol,0x7a8721a9d64c74da899424c1b52acbf58ddc9782,PrivateDeposit,26,26,"{""_layers"": [""stage1_ast""], ""ast_id"": 35, ""src"": ""441:23:0"", ""operator"": ""="", ""type"": ""contract Log""}"
call:0x7a8721a9d64c74da899424c1b52acbf58ddc9782.PrivateDeposit.2.1,FunctionCall,call,0x7a8721a9d64c74da899424c1b52acbf58ddc9782.sol,0x7a8721a9d64c74da899424c1b52acbf58ddc9782,PrivateDeposit,26,26,"{""_layers"": [""stage1_ast""], ""ast_id"": 34, ""src"": ""455:9:0""}"
function:0x7a8721a9d64c74da899424c1b52acbf58ddc9782.setLog,Function,setLog,0x7a8721a9d64c74da899424c1b52acbf58ddc9782.sol,0x7a8721a9d64c74da899424c1b52acbf58ddc9782,setLog,31,34,"{""_layers"": [""stage1_ast"", ""stage4_control""], ""ast_id"": 52, ""src"": ""491:84:0"", ""kind"": """", ""visibility"": ""public"", ""stateMutability"": ""nonpayable"", ""implemented"": true, ""_conflict__kind"": [""declared_function_from_cfg""], ""actual_contract_name"": ""PrivateDeposit""}"
stmt:0x7a8721a9d64c74da899424c1b52acbf58ddc9782.setLog.1,Stmt,stmt_1,0x7a8721a9d64c74da899424c1b52acbf58ddc9782.sol,0x7a8721a9d64c74da899424c1b52acbf58ddc9782,setLog,33,33,"{""_layers"": [""stage1_ast""], ""ast_id"": 50, ""src"": ""545:23:0"", ""stmt_kind"": ""ExpressionStatement""}"
assign:0x7a8721a9d64c74da899424c1b52acbf58ddc9782.setLog.1.1,Assignment,assign_1_1,0x7a8721a9d64c74da899424c1b52acbf58ddc9782.sol,0x7a8721a9d64c74da899424c1b52acbf58ddc9782,setLog,33,33,"{""_layers"": [""stage1_ast""], ""ast_id"": 49, ""src"": ""545:23:0"", ""operator"": ""="", ""type"": ""contract Log""}"
call:0x7a8721a9d64c74da899424c1b52acbf58ddc9782.setLog.1.1,FunctionCall,Log,0x7a8721a9d64c74da899424c1b52acbf58ddc9782.sol,0x7a8721a9d64c74da899424c1b52acbf58ddc9782,setLog,33,33,"{""_layers"": [""stage1_ast""], ""ast_id"": 48, ""src"": ""559:9:0""}"
function:0x7a8721a9d64c74da899424c1b52acbf58ddc9782.Deposit,Function,Deposit,0x7a8721a9d64c74da899424c1b52acbf58ddc9782.sol,0x7a8721a9d64c74da899424c1b52acbf58ddc9782,Deposit,36,45,"{""_layers"": [""stage1_ast"", ""stage4_control""], ""ast_id"": 80, ""src"": ""589:222:0"", ""kind"": """", ""visibility"": ""public"", ""stateMutability"": ""payable"", ""implemented"": true, ""_conflict__kind"": [""declared_function_from_cfg""], ""actual_contract_name"": ""PrivateDeposit""}"
modifier:0x7a8721a9d64c74da899424c1b52acbf58ddc9782.Deposit.1,Modifier,modifier_1,0x7a8721a9d64c74da899424c1b52acbf58ddc9782.sol,0x7a8721a9d64c74da899424c1b52acbf58ddc9782,Deposit,36,45,"{""_layers"": [""stage1_ast""], ""source"": ""function.modifiers""}"
stmt:0x7a8721a9d64c74da899424c1b52acbf58ddc9782.Deposit.1,Stmt,stmt_1,0x7a8721a9d64c74da899424c1b52acbf58ddc9782.sol,0x7a8721a9d64c74da899424c1b52acbf58ddc9782,Deposit,40,44,"{""_layers"": [""stage1_ast""], ""ast_id"": 78, ""src"": ""645:160:0"", ""stmt_kind"": ""IfStatement""}"
assign:0x7a8721a9d64c74da899424c1b52acbf58ddc9782.Deposit.1.1,Assignment,assign_1_1,0x7a8721a9d64c74da899424c1b52acbf58ddc9782.sol,0x7a8721a9d64c74da899424c1b52acbf58ddc9782,Deposit,42,42,"{""_layers"": [""stage1_ast""], ""ast_id"": 65, ""src"": ""695:31:0"", ""operator"": ""+="", ""type"": ""uint256""}"
call:0x7a8721a9d64c74da899424c1b52acbf58ddc9782.Deposit.1.1,FunctionCall,AddMessage,0x7a8721a9d64c74da899424c1b52acbf58ddc9782.sol,0x7a8721a9d64c74da899424c1b52acbf58ddc9782,Deposit,43,43,"{""_layers"": [""stage1_ast""], ""ast_id"": 75, ""src"": ""740:54:0""}"
function:0x7a8721a9d64c74da899424c1b52acbf58ddc9782.CashOut,Function,CashOut,0x7a8721a9d64c74da899424c1b52acbf58ddc9782.sol,0x7a8721a9d64c74da899424c1b52acbf58ddc9782,CashOut,47,58,"{""_layers"": [""stage1_ast"", ""stage4_control""], ""ast_id"": 119, ""src"": ""821:331:0"", ""kind"": """", ""visibility"": ""public"", ""stateMutability"": ""nonpayable"", ""implemented"": true, ""_conflict__kind"": [""declared_function_from_cfg""], ""actual_contract_name"": ""PrivateDeposit""}"
modifier:0x7a8721a9d64c74da899424c1b52acbf58ddc9782.CashOut.1,Modifier,modifier_1,0x7a8721a9d64c74da899424c1b52acbf58ddc9782.sol,0x7a8721a9d64c74da899424c1b52acbf58ddc9782,CashOut,47,58,"{""_layers"": [""stage1_ast""], ""source"": ""function.modifiers""}"
stmt:0x7a8721a9d64c74da899424c1b52acbf58ddc9782.CashOut.1,Stmt,stmt_1,0x7a8721a9d64c74da899424c1b52acbf58ddc9782.sol,0x7a8721a9d64c74da899424c1b52acbf58ddc9782,CashOut,49,57,"{""_layers"": [""stage1_ast""], ""ast_id"": 117, ""src"": ""862:284:0"", ""stmt_kind"": ""IfStatement""}"
assign:0x7a8721a9d64c74da899424c1b52acbf58ddc9782.CashOut.1.1,Assignment,assign_1_1,0x7a8721a9d64c74da899424c1b52acbf58ddc9782.sol,0x7a8721a9d64c74da899424c1b52acbf58ddc9782,CashOut,54,54,"{""_layers"": [""stage1_ast""], ""ast_id"": 103, ""src"": ""1030:25:0"", ""operator"": ""-="", ""type"": ""uint256""}"
call:0x7a8721a9d64c74da899424c1b52acbf58ddc9782.CashOut.1.1,FunctionCall,call,0x7a8721a9d64c74da899424c1b52acbf58ddc9782.sol,0x7a8721a9d64c74da899424c1b52acbf58ddc9782,CashOut,52,52,"{""_layers"": [""stage1_ast""], ""ast_id"": 97, ""src"": ""970:28:0""}"
call:0x7a8721a9d64c74da899424c1b52acbf58ddc9782.CashOut.1.2,FunctionCall,value,0x7a8721a9d64c74da899424c1b52acbf58ddc9782.sol,0x7a8721a9d64c74da899424c1b52acbf58ddc9782,CashOut,52,52,"{""_layers"": [""stage1_ast""], ""ast_id"": 96, ""src"": ""970:26:0""}"
call:0x7a8721a9d64c74da899424c1b52acbf58ddc9782.CashOut.1.3,FunctionCall,AddMessage,0x7a8721a9d64c74da899424c1b52acbf58ddc9782.sol,0x7a8721a9d64c74da899424c1b52acbf58ddc9782,CashOut,55,55,"{""_layers"": [""stage1_ast""], ""ast_id"": 112, ""src"": ""1073:48:0""}"
function:0x7a8721a9d64c74da899424c1b52acbf58ddc9782.constructor,Function,constructor,0x7a8721a9d64c74da899424c1b52acbf58ddc9782.sol,0x7a8721a9d64c74da899424c1b52acbf58ddc9782,constructor,60,60,"{""_layers"": [""stage1_ast""], ""ast_id"": 123, ""src"": ""1162:27:0"", ""kind"": """", ""visibility"": ""public"", ""stateMutability"": ""payable"", ""implemented"": true}"
modifier:0x7a8721a9d64c74da899424c1b52acbf58ddc9782.constructor.1,Modifier,modifier_1,0x7a8721a9d64c74da899424c1b52acbf58ddc9782.sol,0x7a8721a9d64c74da899424c1b52acbf58ddc9782,constructor,60,60,"{""_layers"": [""stage1_ast""], ""source"": ""function.modifiers""}"
statewrite:0x7a8721a9d64c74da899424c1b52acbf58ddc9782.Deposit.2,StateWrite,balances,0x7a8721a9d64c74da899424c1b52acbf58ddc9782.sol,PrivateDeposit,Deposit,,,"{""_layers"": [""stage2_ir""], ""ir_stmt_index"": 2, ""state_var"": ""balances"", ""index"": ""msg.sender"", ""evidence_ref"": ""raw_ir:0x7a8721a9d64c74da899424c1b52acbf58ddc9782.Deposit.2""}"
stateread:0x7a8721a9d64c74da899424c1b52acbf58ddc9782.Deposit.2.1,StateRead,balances,0x7a8721a9d64c74da899424c1b52acbf58ddc9782.sol,PrivateDeposit,Deposit,,,"{""_layers"": [""stage2_ir""], ""ir_stmt_index"": 2, ""state_var"": ""balances"", ""index"": ""msg.sender"", ""evidence_ref"": ""raw_ir:0x7a8721a9d64c74da899424c1b52acbf58ddc9782.Deposit.2""}"
externalcall:0x7a8721a9d64c74da899424c1b52acbf58ddc9782.Deposit.3,ExternalCall,high_level_call,0x7a8721a9d64c74da899424c1b52acbf58ddc9782.sol,PrivateDeposit,Deposit,,,"{""_layers"": [""stage2_ir""], ""ir_stmt_index"": 3, ""call_kind"": ""HIGH_LEVEL_CALL"", ""dest"": ""TransferLog(Log)"", ""function"": ""AddMessage"", ""value"": """", ""evidence_ref"": ""raw_ir:0x7a8721a9d64c74da899424c1b52acbf58ddc9782.Deposit.3""}"
stateread:0x7a8721a9d64c74da899424c1b52acbf58ddc9782.CashOut.1.1,StateRead,balances,0x7a8721a9d64c74da899424c1b52acbf58ddc9782.sol,PrivateDeposit,CashOut,,,"{""_layers"": [""stage2_ir""], ""ir_stmt_index"": 1, ""state_var"": ""balances"", ""index"": ""msg.sender"", ""evidence_ref"": ""raw_ir:0x7a8721a9d64c74da899424c1b52acbf58ddc9782.CashOut.1""}"
externalcall:0x7a8721a9d64c74da899424c1b52acbf58ddc9782.CashOut.2,ExternalCall,low_level_call,0x7a8721a9d64c74da899424c1b52acbf58ddc9782.sol,PrivateDeposit,CashOut,,,"{""_layers"": [""stage2_ir""], ""ir_stmt_index"": 2, ""call_kind"": ""LOW_LEVEL_CALL"", ""dest"": ""msg.sender"", ""function"": ""call"", ""value"": ""_am"", ""evidence_ref"": ""raw_ir:0x7a8721a9d64c74da899424c1b52acbf58ddc9782.CashOut.2""}"
statewrite:0x7a8721a9d64c74da899424c1b52acbf58ddc9782.CashOut.3,StateWrite,balances,0x7a8721a9d64c74da899424c1b52acbf58ddc9782.sol,PrivateDeposit,CashOut,,,"{""_layers"": [""stage2_ir""], ""ir_stmt_index"": 3, ""state_var"": ""balances"", ""index"": ""msg.sender"", ""evidence_ref"": ""raw_ir:0x7a8721a9d64c74da899424c1b52acbf58ddc9782.CashOut.3""}"
stateread:0x7a8721a9d64c74da899424c1b52acbf58ddc9782.CashOut.3.1,StateRead,balances,0x7a8721a9d64c74da899424c1b52acbf58ddc9782.sol,PrivateDeposit,CashOut,,,"{""_layers"": [""stage2_ir""], ""ir_stmt_index"": 3, ""state_var"": ""balances"", ""index"": ""msg.sender"", ""evidence_ref"": ""raw_ir:0x7a8721a9d64c74da899424c1b52acbf58ddc9782.CashOut.3""}"
externalcall:0x7a8721a9d64c74da899424c1b52acbf58ddc9782.CashOut.4,ExternalCall,high_level_call,0x7a8721a9d64c74da899424c1b52acbf58ddc9782.sol,PrivateDeposit,CashOut,,,"{""_layers"": [""stage2_ir""], ""ir_stmt_index"": 4, ""call_kind"": ""HIGH_LEVEL_CALL"", ""dest"": ""TransferLog(Log)"", ""function"": ""AddMessage"", ""value"": """", ""evidence_ref"": ""raw_ir:0x7a8721a9d64c74da899424c1b52acbf58ddc9782.CashOut.4""}"
version:0x7a8721a9d64c74da899424c1b52acbf58ddc9782.owner_1,VersionedState,owner_1,0x7a8721a9d64c74da899424c1b52acbf58ddc9782.sol,PrivateDeposit,PrivateDeposit,,,"{""_layers"": [""stage3_ssa""], ""version_name"": ""owner_1"", ""base_state_var"": ""owner"", ""ssa_stmt_index"": 1, ""evidence_ref"": ""raw_ssa:0x7a8721a9d64c74da899424c1b52acbf58ddc9782.PrivateDeposit.1""}"
version:0x7a8721a9d64c74da899424c1b52acbf58ddc9782.TransferLog_1,VersionedState,TransferLog_1,0x7a8721a9d64c74da899424c1b52acbf58ddc9782.sol,PrivateDeposit,PrivateDeposit,,,"{""_layers"": [""stage3_ssa""], ""version_name"": ""TransferLog_1"", ""base_state_var"": ""TransferLog"", ""ssa_stmt_index"": 2, ""evidence_ref"": ""raw_ssa:0x7a8721a9d64c74da899424c1b52acbf58ddc9782.PrivateDeposit.2""}"
version:0x7a8721a9d64c74da899424c1b52acbf58ddc9782.TransferLog_2,VersionedState,TransferLog_2,0x7a8721a9d64c74da899424c1b52acbf58ddc9782.sol,PrivateDeposit,setLog,,,"{""_layers"": [""stage3_ssa""], ""version_name"": ""TransferLog_2"", ""base_state_var"": ""TransferLog"", ""ssa_stmt_index"": 1, ""evidence_ref"": ""raw_ssa:0x7a8721a9d64c74da899424c1b52acbf58ddc9782.setLog.1""}"
version:0x7a8721a9d64c74da899424c1b52acbf58ddc9782.MinDeposit_0,VersionedState,MinDeposit_0,0x7a8721a9d64c74da899424c1b52acbf58ddc9782.sol,PrivateDeposit,Deposit,,,"{""_layers"": [""stage3_ssa""], ""version_name"": ""MinDeposit_0"", ""base_state_var"": ""MinDeposit"", ""ssa_stmt_index"": 0, ""evidence_ref"": ""raw_ssa:0x7a8721a9d64c74da899424c1b52acbf58ddc9782.Deposit.0""}"
version:0x7a8721a9d64c74da899424c1b52acbf58ddc9782.MinDeposit_1,VersionedState,MinDeposit_1,0x7a8721a9d64c74da899424c1b52acbf58ddc9782.sol,PrivateDeposit,Deposit,,,"{""_layers"": [""stage3_ssa""], ""version_name"": ""MinDeposit_1"", ""base_state_var"": ""MinDeposit"", ""ssa_stmt_index"": 0, ""evidence_ref"": ""raw_ssa:0x7a8721a9d64c74da899424c1b52acbf58ddc9782.Deposit.0""}"
version:0x7a8721a9d64c74da899424c1b52acbf58ddc9782.TransferLog_0,VersionedState,TransferLog_0,0x7a8721a9d64c74da899424c1b52acbf58ddc9782.sol,PrivateDeposit,Deposit,,,"{""_layers"": [""stage3_ssa""], ""version_name"": ""TransferLog_0"", ""base_state_var"": ""TransferLog"", ""ssa_stmt_index"": 0, ""evidence_ref"": ""raw_ssa:0x7a8721a9d64c74da899424c1b52acbf58ddc9782.Deposit.0""}"
version:0x7a8721a9d64c74da899424c1b52acbf58ddc9782.TransferLog_3,VersionedState,TransferLog_3,0x7a8721a9d64c74da899424c1b52acbf58ddc9782.sol,PrivateDeposit,Deposit,,,"{""_layers"": [""stage3_ssa""], ""version_name"": ""TransferLog_3"", ""base_state_var"": ""TransferLog"", ""ssa_stmt_index"": 0, ""evidence_ref"": ""raw_ssa:0x7a8721a9d64c74da899424c1b52acbf58ddc9782.Deposit.0""}"
version:0x7a8721a9d64c74da899424c1b52acbf58ddc9782.TransferLog_4,VersionedState,TransferLog_4,0x7a8721a9d64c74da899424c1b52acbf58ddc9782.sol,PrivateDeposit,Deposit,,,"{""_layers"": [""stage3_ssa""], ""version_name"": ""TransferLog_4"", ""base_state_var"": ""TransferLog"", ""ssa_stmt_index"": 0, ""evidence_ref"": ""raw_ssa:0x7a8721a9d64c74da899424c1b52acbf58ddc9782.Deposit.0""}"
version:0x7a8721a9d64c74da899424c1b52acbf58ddc9782.TransferLog_6,VersionedState,TransferLog_6,0x7a8721a9d64c74da899424c1b52acbf58ddc9782.sol,PrivateDeposit,Deposit,,,"{""_layers"": [""stage3_ssa""], ""version_name"": ""TransferLog_6"", ""base_state_var"": ""TransferLog"", ""ssa_stmt_index"": 0, ""evidence_ref"": ""raw_ssa:0x7a8721a9d64c74da899424c1b52acbf58ddc9782.Deposit.0""}"
version:0x7a8721a9d64c74da899424c1b52acbf58ddc9782.TransferLog_7,VersionedState,TransferLog_7,0x7a8721a9d64c74da899424c1b52acbf58ddc9782.sol,PrivateDeposit,Deposit,,,"{""_layers"": [""stage3_ssa""], ""version_name"": ""TransferLog_7"", ""base_state_var"": ""TransferLog"", ""ssa_stmt_index"": 0, ""evidence_ref"": ""raw_ssa:0x7a8721a9d64c74da899424c1b52acbf58ddc9782.Deposit.0""}"
version:0x7a8721a9d64c74da899424c1b52acbf58ddc9782.balances_0,VersionedState,balances_0,0x7a8721a9d64c74da899424c1b52acbf58ddc9782.sol,PrivateDeposit,Deposit,,,"{""_layers"": [""stage3_ssa""], ""version_name"": ""balances_0"", ""base_state_var"": ""balances"", ""ssa_stmt_index"": 0, ""evidence_ref"": ""raw_ssa:0x7a8721a9d64c74da899424c1b52acbf58ddc9782.Deposit.0""}"
version:0x7a8721a9d64c74da899424c1b52acbf58ddc9782.balances_1,VersionedState,balances_1,0x7a8721a9d64c74da899424c1b52acbf58ddc9782.sol,PrivateDeposit,Deposit,,,"{""_layers"": [""stage3_ssa""], ""version_name"": ""balances_1"", ""base_state_var"": ""balances"", ""ssa_stmt_index"": 0, ""evidence_ref"": ""raw_ssa:0x7a8721a9d64c74da899424c1b52acbf58ddc9782.Deposit.0""}"
version:0x7a8721a9d64c74da899424c1b52acbf58ddc9782.balances_2,VersionedState,balances_2,0x7a8721a9d64c74da899424c1b52acbf58ddc9782.sol,PrivateDeposit,Deposit,,,"{""_layers"": [""stage3_ssa""], ""version_name"": ""balances_2"", ""base_state_var"": ""balances"", ""ssa_stmt_index"": 0, ""evidence_ref"": ""raw_ssa:0x7a8721a9d64c74da899424c1b52acbf58ddc9782.Deposit.0""}"
version:0x7a8721a9d64c74da899424c1b52acbf58ddc9782.balances_3,VersionedState,balances_3,0x7a8721a9d64c74da899424c1b52acbf58ddc9782.sol,PrivateDeposit,Deposit,,,"{""_layers"": [""stage3_ssa""], ""version_name"": ""balances_3"", ""base_state_var"": ""balances"", ""ssa_stmt_index"": 0, ""evidence_ref"": ""raw_ssa:0x7a8721a9d64c74da899424c1b52acbf58ddc9782.Deposit.0""}"
version:0x7a8721a9d64c74da899424c1b52acbf58ddc9782.balances_4,VersionedState,balances_4,0x7a8721a9d64c74da899424c1b52acbf58ddc9782.sol,PrivateDeposit,Deposit,,,"{""_layers"": [""stage3_ssa""], ""version_name"": ""balances_4"", ""base_state_var"": ""balances"", ""ssa_stmt_index"": 0, ""evidence_ref"": ""raw_ssa:0x7a8721a9d64c74da899424c1b52acbf58ddc9782.Deposit.0""}"
version:0x7a8721a9d64c74da899424c1b52acbf58ddc9782.balances_5,VersionedState,balances_5,0x7a8721a9d64c74da899424c1b52acbf58ddc9782.sol,PrivateDeposit,Deposit,,,"{""_layers"": [""stage3_ssa""], ""version_name"": ""balances_5"", ""base_state_var"": ""balances"", ""ssa_stmt_index"": 0, ""evidence_ref"": ""raw_ssa:0x7a8721a9d64c74da899424c1b52acbf58ddc9782.Deposit.0""}"
commit:0x7a8721a9d64c74da899424c1b52acbf58ddc9782.Deposit.2,CommitPoint,commit_2,0x7a8721a9d64c74da899424c1b52acbf58ddc9782.sol,PrivateDeposit,Deposit,,,"{""_layers"": [""stage3_ssa""], ""ssa_stmt_index"": 2, ""base_state_var"": ""balances"", ""pre_version"": ""balances_1"", ""post_version"": ""balances_2"", ""evidence_ref"": ""raw_ssa:0x7a8721a9d64c74da899424c1b52acbf58ddc9782.Deposit.2""}"
version:0x7a8721a9d64c74da899424c1b52acbf58ddc9782.TransferLog_5,VersionedState,TransferLog_5,0x7a8721a9d64c74da899424c1b52acbf58ddc9782.sol,PrivateDeposit,CashOut,,,"{""_layers"": [""stage3_ssa""], ""version_name"": ""TransferLog_5"", ""base_state_var"": ""TransferLog"", ""ssa_stmt_index"": 0, ""evidence_ref"": ""raw_ssa:0x7a8721a9d64c74da899424c1b52acbf58ddc9782.CashOut.0""}"
commit:0x7a8721a9d64c74da899424c1b52acbf58ddc9782.CashOut.3,CommitPoint,commit_3,0x7a8721a9d64c74da899424c1b52acbf58ddc9782.sol,PrivateDeposit,CashOut,,,"{""_layers"": [""stage3_ssa""], ""ssa_stmt_index"": 3, ""base_state_var"": ""balances"", ""pre_version"": ""balances_4"", ""post_version"": ""balances_5"", ""evidence_ref"": ""raw_ssa:0x7a8721a9d64c74da899424c1b52acbf58ddc9782.CashOut.3""}"
cfgentry:0x7a8721a9d64c74da899424c1b52acbf58ddc9782.0x7a8721a9d64c74da899424c1b52acbf58ddc9782.CashOut,CFGEntry,CashOut(uint256),0x7a8721a9d64c74da899424c1b52acbf58ddc9782.sol,0x7a8721a9d64c74da899424c1b52acbf58ddc9782,CashOut,,,"{""_layers"": [""stage4_control""], ""function_ref"": ""function:0x7a8721a9d64c74da899424c1b52acbf58ddc9782.CashOut"", ""dot_file"": ""D:\\learning\\MSPE-CKG\\graph_output\\0x7a8721a9d64c74da899424c1b52acbf58ddc9782\\cfg__0x7a8721a9d64c74da899424c1b52acbf58ddc9782.sol-PrivateDeposit-CashOut(uint256).dot"", ""actual_contract_name"": ""PrivateDeposit""}"
cfgexit:0x7a8721a9d64c74da899424c1b52acbf58ddc9782.0x7a8721a9d64c74da899424c1b52acbf58ddc9782.CashOut,CFGExit,CashOut(uint256),0x7a8721a9d64c74da899424c1b52acbf58ddc9782.sol,0x7a8721a9d64c74da899424c1b52acbf58ddc9782,CashOut,,,"{""_layers"": [""stage4_control""], ""function_ref"": ""function:0x7a8721a9d64c74da899424c1b52acbf58ddc9782.CashOut"", ""dot_file"": ""D:\\learning\\MSPE-CKG\\graph_output\\0x7a8721a9d64c74da899424c1b52acbf58ddc9782\\cfg__0x7a8721a9d64c74da899424c1b52acbf58ddc9782.sol-PrivateDeposit-CashOut(uint256).dot"", ""actual_contract_name"": ""PrivateDeposit""}"
cfgnode:0x7a8721a9d64c74da899424c1b52acbf58ddc9782.0x7a8721a9d64c74da899424c1b52acbf58ddc9782.CashOut.2,CFGNode,EXPRESSION:,0x7a8721a9d64c74da899424c1b52acbf58ddc9782.sol,0x7a8721a9d64c74da899424c1b52acbf58ddc9782,CashOut,,,"{""_layers"": [""stage4_control""], ""dot_node_id"": ""2"", ""dot_label"": ""Node Type: IF 2\n\nEXPRESSION:\nmsg.sender.call.value(_am)()\n\nIRs:\nTMP_8(bool) = LOW_LEVEL_CALL, dest:msg.sender, function:call, arguments:[] value:_am \nCONDITION TMP_8"", ""dot_attrs"": {""label"": ""Node Type: IF 2\n\nEXPRESSION:\nmsg.sender.call.value(_am)()\n\nIRs:\nTMP_8(bool) = LOW_LEVEL_CALL, dest:msg.sender, function:call, arguments:[] value:_am \nCONDITION TMP_8""}, ""cfg_file"": ""D:\\learning\\MSPE-CKG\\graph_output\\0x7a8721a9d64c74da899424c1b52acbf58ddc9782\\cfg__0x7a8721a9d64c74da899424c1b52acbf58ddc9782.sol-PrivateDeposit-CashOut(uint256).dot"", ""actual_contract_name"": ""PrivateDeposit""}"
cfgnode:0x7a8721a9d64c74da899424c1b52acbf58ddc9782.0x7a8721a9d64c74da899424c1b52acbf58ddc9782.CashOut.4,CFGNode,EXPRESSION:,0x7a8721a9d64c74da899424c1b52acbf58ddc9782.sol,0x7a8721a9d64c74da899424c1b52acbf58ddc9782,CashOut,,,"{""_layers"": [""stage4_control""], ""dot_node_id"": ""4"", ""dot_label"": ""Node Type: EXPRESSION 4\n\nEXPRESSION:\nTransferLog.AddMessage(msg.sender,_am,CashOut)\n\nIRs:\nHIGH_LEVEL_CALL, dest:TransferLog(Log), function:AddMessage, arguments:['msg.sender', '_am', 'CashOut']  "", ""dot_attrs"": {""label"": ""Node Type: EXPRESSION 4\n\nEXPRESSION:\nTransferLog.AddMessage(msg.sender,_am,CashOut)\n\nIRs:\nHIGH_LEVEL_CALL, dest:TransferLog(Log), function:AddMessage, arguments:['msg.sender', '_am', 'CashOut']  ""}, ""cfg_file"": ""D:\\learning\\MSPE-CKG\\graph_output\\0x7a8721a9d64c74da899424c1b52acbf58ddc9782\\cfg__0x7a8721a9d64c74da899424c1b52acbf58ddc9782.sol-PrivateDeposit-CashOut(uint256).dot"", ""actual_contract_name"": ""PrivateDeposit""}"
cfgnode:0x7a8721a9d64c74da899424c1b52acbf58ddc9782.0x7a8721a9d64c74da899424c1b52acbf58ddc9782.CashOut.5,CFGNode,Node Type: END_IF 5,0x7a8721a9d64c74da899424c1b52acbf58ddc9782.sol,0x7a8721a9d64c74da899424c1b52acbf58ddc9782,CashOut,,,"{""_layers"": [""stage4_control""], ""dot_node_id"": ""5"", ""dot_label"": ""Node Type: END_IF 5\n"", ""dot_attrs"": {""label"": ""Node Type: END_IF 5\n""}, ""cfg_file"": ""D:\\learning\\MSPE-CKG\\graph_output\\0x7a8721a9d64c74da899424c1b52acbf58ddc9782\\cfg__0x7a8721a9d64c74da899424c1b52acbf58ddc9782.sol-PrivateDeposit-CashOut(uint256).dot"", ""actual_contract_name"": ""PrivateDeposit""}"
cfgnode:0x7a8721a9d64c74da899424c1b52acbf58ddc9782.0x7a8721a9d64c74da899424c1b52acbf58ddc9782.CashOut.6,CFGNode,Node Type: END_IF 6,0x7a8721a9d64c74da899424c1b52acbf58ddc9782.sol,0x7a8721a9d64c74da899424c1b52acbf58ddc9782,CashOut,,,"{""_layers"": [""stage4_control""], ""dot_node_id"": ""6"", ""dot_label"": ""Node Type: END_IF 6\n"", ""dot_attrs"": {""label"": ""Node Type: END_IF 6\n""}, ""cfg_file"": ""D:\\learning\\MSPE-CKG\\graph_output\\0x7a8721a9d64c74da899424c1b52acbf58ddc9782\\cfg__0x7a8721a9d64c74da899424c1b52acbf58ddc9782.sol-PrivateDeposit-CashOut(uint256).dot"", ""actual_contract_name"": ""PrivateDeposit""}"
cfgentry:0x7a8721a9d64c74da899424c1b52acbf58ddc9782.0x7a8721a9d64c74da899424c1b52acbf58ddc9782.Deposit,CFGEntry,Deposit(),0x7a8721a9d64c74da899424c1b52acbf58ddc9782.sol,0x7a8721a9d64c74da899424c1b52acbf58ddc9782,Deposit,,,"{""_layers"": [""stage4_control""], ""function_ref"": ""function:0x7a8721a9d64c74da899424c1b52acbf58ddc9782.Deposit"", ""dot_file"": ""D:\\learning\\MSPE-CKG\\graph_output\\0x7a8721a9d64c74da899424c1b52acbf58ddc9782\\cfg__0x7a8721a9d64c74da899424c1b52acbf58ddc9782.sol-PrivateDeposit-Deposit().dot"", ""actual_contract_name"": ""PrivateDeposit""}"
cfgexit:0x7a8721a9d64c74da899424c1b52acbf58ddc9782.0x7a8721a9d64c74da899424c1b52acbf58ddc9782.Deposit,CFGExit,Deposit(),0x7a8721a9d64c74da899424c1b52acbf58ddc9782.sol,0x7a8721a9d64c74da899424c1b52acbf58ddc9782,Deposit,,,"{""_layers"": [""stage4_control""], ""function_ref"": ""function:0x7a8721a9d64c74da899424c1b52acbf58ddc9782.Deposit"", ""dot_file"": ""D:\\learning\\MSPE-CKG\\graph_output\\0x7a8721a9d64c74da899424c1b52acbf58ddc9782\\cfg__0x7a8721a9d64c74da899424c1b52acbf58ddc9782.sol-PrivateDeposit-Deposit().dot"", ""actual_contract_name"": ""PrivateDeposit""}"
cfgnode:0x7a8721a9d64c74da899424c1b52acbf58ddc9782.0x7a8721a9d64c74da899424c1b52acbf58ddc9782.Deposit.1,CFGNode,EXPRESSION:,0x7a8721a9d64c74da899424c1b52acbf58ddc9782.sol,0x7a8721a9d64c74da899424c1b52acbf58ddc9782,Deposit,,,"{""_layers"": [""stage4_control""], ""dot_node_id"": ""1"", ""dot_label"": ""Node Type: IF 1\n\nEXPRESSION:\nmsg.value >= MinDeposit\n\nIRs:\nTMP_4(bool) = msg.value >= MinDeposit\nCONDITION TMP_4"", ""dot_attrs"": {""label"": ""Node Type: IF 1\n\nEXPRESSION:\nmsg.value >= MinDeposit\n\nIRs:\nTMP_4(bool) = msg.value >= MinDeposit\nCONDITION TMP_4""}, ""cfg_file"": ""D:\\learning\\MSPE-CKG\\graph_output\\0x7a8721a9d64c74da899424c1b52acbf58ddc9782\\cfg__0x7a8721a9d64c74da899424c1b52acbf58ddc9782.sol-PrivateDeposit-Deposit().dot"", ""actual_contract_name"": ""PrivateDeposit""}"
cfgnode:0x7a8721a9d64c74da899424c1b52acbf58ddc9782.0x7a8721a9d64c74da899424c1b52acbf58ddc9782.Deposit.3,CFGNode,EXPRESSION:,0x7a8721a9d64c74da899424c1b52acbf58ddc9782.sol,0x7a8721a9d64c74da899424c1b52acbf58ddc9782,Deposit,,,"{""_layers"": [""stage4_control""], ""dot_node_id"": ""3"", ""dot_label"": ""Node Type: EXPRESSION 3\n\nEXPRESSION:\nTransferLog.AddMessage(msg.sender,msg.value,Deposit)\n\nIRs:\nHIGH_LEVEL_CALL, dest:TransferLog(Log), function:AddMessage, arguments:['msg.sender', 'msg.value', 'Deposit']  "", ""dot_attrs"": {""label"": ""Node Type: EXPRESSION 3\n\nEXPRESSION:\nTransferLog.AddMessage(msg.sender,msg.value,Deposit)\n\nIRs:\nHIGH_LEVEL_CALL, dest:TransferLog(Log), function:AddMessage, arguments:['msg.sender', 'msg.value', 'Deposit']  ""}, ""cfg_file"": ""D:\\learning\\MSPE-CKG\\graph_output\\0x7a8721a9d64c74da899424c1b52acbf58ddc9782\\cfg__0x7a8721a9d64c74da899424c1b52acbf58ddc9782.sol-PrivateDeposit-Deposit().dot"", ""actual_contract_name"": ""PrivateDeposit""}"
cfgnode:0x7a8721a9d64c74da899424c1b52acbf58ddc9782.0x7a8721a9d64c74da899424c1b52acbf58ddc9782.Deposit.4,CFGNode,Node Type: END_IF 4,0x7a8721a9d64c74da899424c1b52acbf58ddc9782.sol,0x7a8721a9d64c74da899424c1b52acbf58ddc9782,Deposit,,,"{""_layers"": [""stage4_control""], ""dot_node_id"": ""4"", ""dot_label"": ""Node Type: END_IF 4\n"", ""dot_attrs"": {""label"": ""Node Type: END_IF 4\n""}, ""cfg_file"": ""D:\\learning\\MSPE-CKG\\graph_output\\0x7a8721a9d64c74da899424c1b52acbf58ddc9782\\cfg__0x7a8721a9d64c74da899424c1b52acbf58ddc9782.sol-PrivateDeposit-Deposit().dot"", ""actual_contract_name"": ""PrivateDeposit""}"
functionref:0x7a8721a9d64c74da899424c1b52acbf58ddc9782.0x7a8721a9d64c74da899424c1b52acbf58ddc9782.fallback,FunctionRef,fallback(),0x7a8721a9d64c74da899424c1b52acbf58ddc9782.sol,0x7a8721a9d64c74da899424c1b52acbf58ddc9782,fallback,,,"{""_layers"": [""stage4_control""], ""kind"": ""declared_function_from_cfg"", ""actual_contract_name"": ""PrivateDeposit""}"
cfgentry:0x7a8721a9d64c74da899424c1b52acbf58ddc9782.0x7a8721a9d64c74da899424c1b52acbf58ddc9782.fallback,CFGEntry,fallback(),0x7a8721a9d64c74da899424c1b52acbf58ddc9782.sol,0x7a8721a9d64c74da899424c1b52acbf58ddc9782,fallback,,,"{""_layers"": [""stage4_control""], ""function_ref"": ""functionref:0x7a8721a9d64c74da899424c1b52acbf58ddc9782.0x7a8721a9d64c74da899424c1b52acbf58ddc9782.fallback"", ""dot_file"": ""D:\\learning\\MSPE-CKG\\graph_output\\0x7a8721a9d64c74da899424c1b52acbf58ddc9782\\cfg__0x7a8721a9d64c74da899424c1b52acbf58ddc9782.sol-PrivateDeposit-fallback().dot"", ""actual_contract_name"": ""PrivateDeposit""}"
cfgexit:0x7a8721a9d64c74da899424c1b52acbf58ddc9782.0x7a8721a9d64c74da899424c1b52acbf58ddc9782.fallback,CFGExit,fallback(),0x7a8721a9d64c74da899424c1b52acbf58ddc9782.sol,0x7a8721a9d64c74da899424c1b52acbf58ddc9782,fallback,,,"{""_layers"": [""stage4_control""], ""function_ref"": ""functionref:0x7a8721a9d64c74da899424c1b52acbf58ddc9782.0x7a8721a9d64c74da899424c1b52acbf58ddc9782.fallback"", ""dot_file"": ""D:\\learning\\MSPE-CKG\\graph_output\\0x7a8721a9d64c74da899424c1b52acbf58ddc9782\\cfg__0x7a8721a9d64c74da899424c1b52acbf58ddc9782.sol-PrivateDeposit-fallback().dot"", ""actual_contract_name"": ""PrivateDeposit""}"
functionref:0x7a8721a9d64c74da899424c1b52acbf58ddc9782.0x7a8721a9d64c74da899424c1b52acbf58ddc9782.onlyOwner,FunctionRef,onlyOwner(),0x7a8721a9d64c74da899424c1b52acbf58ddc9782.sol,0x7a8721a9d64c74da899424c1b52acbf58ddc9782,onlyOwner,,,"{""_layers"": [""stage4_control""], ""kind"": ""declared_function_from_cfg"", ""actual_contract_name"": ""PrivateDeposit""}"
cfgentry:0x7a8721a9d64c74da899424c1b52acbf58ddc9782.0x7a8721a9d64c74da899424c1b52acbf58ddc9782.onlyOwner,CFGEntry,onlyOwner(),0x7a8721a9d64c74da899424c1b52acbf58ddc9782.sol,0x7a8721a9d64c74da899424c1b52acbf58ddc9782,onlyOwner,,,"{""_layers"": [""stage4_control""], ""function_ref"": ""functionref:0x7a8721a9d64c74da899424c1b52acbf58ddc9782.0x7a8721a9d64c74da899424c1b52acbf58ddc9782.onlyOwner"", ""dot_file"": ""D:\\learning\\MSPE-CKG\\graph_output\\0x7a8721a9d64c74da899424c1b52acbf58ddc9782\\cfg__0x7a8721a9d64c74da899424c1b52acbf58ddc9782.sol-PrivateDeposit-onlyOwner().dot"", ""actual_contract_name"": ""PrivateDeposit""}"
cfgexit:0x7a8721a9d64c74da899424c1b52acbf58ddc9782.0x7a8721a9d64c74da899424c1b52acbf58ddc9782.onlyOwner,CFGExit,onlyOwner(),0x7a8721a9d64c74da899424c1b52acbf58ddc9782.sol,0x7a8721a9d64c74da899424c1b52acbf58ddc9782,onlyOwner,,,"{""_layers"": [""stage4_control""], ""function_ref"": ""functionref:0x7a8721a9d64c74da899424c1b52acbf58ddc9782.0x7a8721a9d64c74da899424c1b52acbf58ddc9782.onlyOwner"", ""dot_file"": ""D:\\learning\\MSPE-CKG\\graph_output\\0x7a8721a9d64c74da899424c1b52acbf58ddc9782\\cfg__0x7a8721a9d64c74da899424c1b52acbf58ddc9782.sol-PrivateDeposit-onlyOwner().dot"", ""actual_contract_name"": ""PrivateDeposit""}"
cfgnode:0x7a8721a9d64c74da899424c1b52acbf58ddc9782.0x7a8721a9d64c74da899424c1b52acbf58ddc9782.onlyOwner.1,CFGNode,EXPRESSION:,0x7a8721a9d64c74da899424c1b52acbf58ddc9782.sol,0x7a8721a9d64c74da899424c1b52acbf58ddc9782,onlyOwner,,,"{""_layers"": [""stage4_control""], ""dot_node_id"": ""1"", ""dot_label"": ""Node Type: EXPRESSION 1\n\nEXPRESSION:\nrequire(bool)(tx.origin == owner)\n\nIRs:\nTMP_10(bool) = tx.origin == owner\nTMP_11(None) = SOLIDITY_CALL require(bool)(TMP_10)"", ""dot_attrs"": {""label"": ""Node Type: EXPRESSION 1\n\nEXPRESSION:\nrequire(bool)(tx.origin == owner)\n\nIRs:\nTMP_10(bool) = tx.origin == owner\nTMP_11(None) = SOLIDITY_CALL require(bool)(TMP_10)""}, ""cfg_file"": ""D:\\learning\\MSPE-CKG\\graph_output\\0x7a8721a9d64c74da899424c1b52acbf58ddc9782\\cfg__0x7a8721a9d64c74da899424c1b52acbf58ddc9782.sol-PrivateDeposit-onlyOwner().dot"", ""actual_contract_name"": ""PrivateDeposit""}"
cfgnode:0x7a8721a9d64c74da899424c1b52acbf58ddc9782.0x7a8721a9d64c74da899424c1b52acbf58ddc9782.onlyOwner.2,CFGNode,Node Type: _ 2,0x7a8721a9d64c74da899424c1b52acbf58ddc9782.sol,0x7a8721a9d64c74da899424c1b52acbf58ddc9782,onlyOwner,,,"{""_layers"": [""stage4_control""], ""dot_node_id"": ""2"", ""dot_label"": ""Node Type: _ 2\n"", ""dot_attrs"": {""label"": ""Node Type: _ 2\n""}, ""cfg_file"": ""D:\\learning\\MSPE-CKG\\graph_output\\0x7a8721a9d64c74da899424c1b52acbf58ddc9782\\cfg__0x7a8721a9d64c74da899424c1b52acbf58ddc9782.sol-PrivateDeposit-onlyOwner().dot"", ""actual_contract_name"": ""PrivateDeposit""}"
cfgentry:0x7a8721a9d64c74da899424c1b52acbf58ddc9782.0x7a8721a9d64c74da899424c1b52acbf58ddc9782.PrivateDeposit,CFGEntry,PrivateDeposit(),0x7a8721a9d64c74da899424c1b52acbf58ddc9782.sol,0x7a8721a9d64c74da899424c1b52acbf58ddc9782,PrivateDeposit,,,"{""_layers"": [""stage4_control""], ""function_ref"": ""function:0x7a8721a9d64c74da899424c1b52acbf58ddc9782.PrivateDeposit"", ""dot_file"": ""D:\\learning\\MSPE-CKG\\graph_output\\0x7a8721a9d64c74da899424c1b52acbf58ddc9782\\cfg__0x7a8721a9d64c74da899424c1b52acbf58ddc9782.sol-PrivateDeposit-PrivateDeposit().dot"", ""actual_contract_name"": ""PrivateDeposit""}"
cfgexit:0x7a8721a9d64c74da899424c1b52acbf58ddc9782.0x7a8721a9d64c74da899424c1b52acbf58ddc9782.PrivateDeposit,CFGExit,PrivateDeposit(),0x7a8721a9d64c74da899424c1b52acbf58ddc9782.sol,0x7a8721a9d64c74da899424c1b52acbf58ddc9782,PrivateDeposit,,,"{""_layers"": [""stage4_control""], ""function_ref"": ""function:0x7a8721a9d64c74da899424c1b52acbf58ddc9782.PrivateDeposit"", ""dot_file"": ""D:\\learning\\MSPE-CKG\\graph_output\\0x7a8721a9d64c74da899424c1b52acbf58ddc9782\\cfg__0x7a8721a9d64c74da899424c1b52acbf58ddc9782.sol-PrivateDeposit-PrivateDeposit().dot"", ""actual_contract_name"": ""PrivateDeposit""}"
cfgnode:0x7a8721a9d64c74da899424c1b52acbf58ddc9782.0x7a8721a9d64c74da899424c1b52acbf58ddc9782.PrivateDeposit.1,CFGNode,EXPRESSION:,0x7a8721a9d64c74da899424c1b52acbf58ddc9782.sol,0x7a8721a9d64c74da899424c1b52acbf58ddc9782,PrivateDeposit,,,"{""_layers"": [""stage4_control""], ""dot_node_id"": ""1"", ""dot_label"": ""Node Type: EXPRESSION 1\n\nEXPRESSION:\nowner = msg.sender\n\nIRs:\nowner(address) := msg.sender(address)"", ""dot_attrs"": {""label"": ""Node Type: EXPRESSION 1\n\nEXPRESSION:\nowner = msg.sender\n\nIRs:\nowner(address) := msg.sender(address)""}, ""cfg_file"": ""D:\\learning\\MSPE-CKG\\graph_output\\0x7a8721a9d64c74da899424c1b52acbf58ddc9782\\cfg__0x7a8721a9d64c74da899424c1b52acbf58ddc9782.sol-PrivateDeposit-PrivateDeposit().dot"", ""actual_contract_name"": ""PrivateDeposit""}"
cfgnode:0x7a8721a9d64c74da899424c1b52acbf58ddc9782.0x7a8721a9d64c74da899424c1b52acbf58ddc9782.PrivateDeposit.2,CFGNode,EXPRESSION:,0x7a8721a9d64c74da899424c1b52acbf58ddc9782.sol,0x7a8721a9d64c74da899424c1b52acbf58ddc9782,PrivateDeposit,,,"{""_layers"": [""stage4_control""], ""dot_node_id"": ""2"", ""dot_label"": ""Node Type: EXPRESSION 2\n\nEXPRESSION:\nTransferLog = new Log()\n\nIRs:\nTMP_1(Log) = new Log() \nTransferLog(Log) := TMP_1(Log)"", ""dot_attrs"": {""label"": ""Node Type: EXPRESSION 2\n\nEXPRESSION:\nTransferLog = new Log()\n\nIRs:\nTMP_1(Log) = new Log() \nTransferLog(Log) := TMP_1(Log)""}, ""cfg_file"": ""D:\\learning\\MSPE-CKG\\graph_output\\0x7a8721a9d64c74da899424c1b52acbf58ddc9782\\cfg__0x7a8721a9d64c74da899424c1b52acbf58ddc9782.sol-PrivateDeposit-PrivateDeposit().dot"", ""actual_contract_name"": ""PrivateDeposit""}"
cfgentry:0x7a8721a9d64c74da899424c1b52acbf58ddc9782.0x7a8721a9d64c74da899424c1b52acbf58ddc9782.setLog,CFGEntry,setLog(address),0x7a8721a9d64c74da899424c1b52acbf58ddc9782.sol,0x7a8721a9d64c74da899424c1b52acbf58ddc9782,setLog,,,"{""_layers"": [""stage4_control""], ""function_ref"": ""function:0x7a8721a9d64c74da899424c1b52acbf58ddc9782.setLog"", ""dot_file"": ""D:\\learning\\MSPE-CKG\\graph_output\\0x7a8721a9d64c74da899424c1b52acbf58ddc9782\\cfg__0x7a8721a9d64c74da899424c1b52acbf58ddc9782.sol-PrivateDeposit-setLog(address).dot"", ""actual_contract_name"": ""PrivateDeposit""}"
cfgexit:0x7a8721a9d64c74da899424c1b52acbf58ddc9782.0x7a8721a9d64c74da899424c1b52acbf58ddc9782.setLog,CFGExit,setLog(address),0x7a8721a9d64c74da899424c1b52acbf58ddc9782.sol,0x7a8721a9d64c74da899424c1b52acbf58ddc9782,setLog,,,"{""_layers"": [""stage4_control""], ""function_ref"": ""function:0x7a8721a9d64c74da899424c1b52acbf58ddc9782.setLog"", ""dot_file"": ""D:\\learning\\MSPE-CKG\\graph_output\\0x7a8721a9d64c74da899424c1b52acbf58ddc9782\\cfg__0x7a8721a9d64c74da899424c1b52acbf58ddc9782.sol-PrivateDeposit-setLog(address).dot"", ""actual_contract_name"": ""PrivateDeposit""}"
cfgnode:0x7a8721a9d64c74da899424c1b52acbf58ddc9782.0x7a8721a9d64c74da899424c1b52acbf58ddc9782.setLog.1,CFGNode,EXPRESSION:,0x7a8721a9d64c74da899424c1b52acbf58ddc9782.sol,0x7a8721a9d64c74da899424c1b52acbf58ddc9782,setLog,,,"{""_layers"": [""stage4_control""], ""dot_node_id"": ""1"", ""dot_label"": ""Node Type: EXPRESSION 1\n\nEXPRESSION:\nTransferLog = Log(_lib)\n\nIRs:\nTMP_2 = CONVERT _lib to Log\nTransferLog(Log) := TMP_2(Log)"", ""dot_attrs"": {""label"": ""Node Type: EXPRESSION 1\n\nEXPRESSION:\nTransferLog = Log(_lib)\n\nIRs:\nTMP_2 = CONVERT _lib to Log\nTransferLog(Log) := TMP_2(Log)""}, ""cfg_file"": ""D:\\learning\\MSPE-CKG\\graph_output\\0x7a8721a9d64c74da899424c1b52acbf58ddc9782\\cfg__0x7a8721a9d64c74da899424c1b52acbf58ddc9782.sol-PrivateDeposit-setLog(address).dot"", ""actual_contract_name"": ""PrivateDeposit""}"
cfgnode:0x7a8721a9d64c74da899424c1b52acbf58ddc9782.0x7a8721a9d64c74da899424c1b52acbf58ddc9782.setLog.2,CFGNode,EXPRESSION:,0x7a8721a9d64c74da899424c1b52acbf58ddc9782.sol,0x7a8721a9d64c74da899424c1b52acbf58ddc9782,setLog,,,"{""_layers"": [""stage4_control""], ""dot_node_id"": ""2"", ""dot_label"": ""Node Type: EXPRESSION 2\n\nEXPRESSION:\nonlyOwner()\n\nIRs:\nMODIFIER_CALL, PrivateDeposit.onlyOwner()()"", ""dot_attrs"": {""label"": ""Node Type: EXPRESSION 2\n\nEXPRESSION:\nonlyOwner()\n\nIRs:\nMODIFIER_CALL, PrivateDeposit.onlyOwner()()""}, ""cfg_file"": ""D:\\learning\\MSPE-CKG\\graph_output\\0x7a8721a9d64c74da899424c1b52acbf58ddc9782\\cfg__0x7a8721a9d64c74da899424c1b52acbf58ddc9782.sol-PrivateDeposit-setLog(address).dot"", ""actual_contract_name"": ""PrivateDeposit""}"
functionref:0x7a8721a9d64c74da899424c1b52acbf58ddc9782.0x7a8721a9d64c74da899424c1b52acbf58ddc9782.slitherConstructorVariables,FunctionRef,slitherConstructorVariables(),0x7a8721a9d64c74da899424c1b52acbf58ddc9782.sol,0x7a8721a9d64c74da899424c1b52acbf58ddc9782,slitherConstructorVariables,,,"{""_layers"": [""stage4_control""], ""kind"": ""declared_function_from_cfg"", ""actual_contract_name"": ""PrivateDeposit""}"
cfgentry:0x7a8721a9d64c74da899424c1b52acbf58ddc9782.0x7a8721a9d64c74da899424c1b52acbf58ddc9782.slitherConstructorVariables,CFGEntry,slitherConstructorVariables(),0x7a8721a9d64c74da899424c1b52acbf58ddc9782.sol,0x7a8721a9d64c74da899424c1b52acbf58ddc9782,slitherConstructorVariables,,,"{""_layers"": [""stage4_control""], ""function_ref"": ""functionref:0x7a8721a9d64c74da899424c1b52acbf58ddc9782.0x7a8721a9d64c74da899424c1b52acbf58ddc9782.slitherConstructorVariables"", ""dot_file"": ""D:\\learning\\MSPE-CKG\\graph_output\\0x7a8721a9d64c74da899424c1b52acbf58ddc9782\\cfg__0x7a8721a9d64c74da899424c1b52acbf58ddc9782.sol-PrivateDeposit-slitherConstructorVariables().dot"", ""actual_contract_name"": ""PrivateDeposit""}"
cfgexit:0x7a8721a9d64c74da899424c1b52acbf58ddc9782.0x7a8721a9d64c74da899424c1b52acbf58ddc9782.slitherConstructorVariables,CFGExit,slitherConstructorVariables(),0x7a8721a9d64c74da899424c1b52acbf58ddc9782.sol,0x7a8721a9d64c74da899424c1b52acbf58ddc9782,slitherConstructorVariables,,,"{""_layers"": [""stage4_control""], ""function_ref"": ""functionref:0x7a8721a9d64c74da899424c1b52acbf58ddc9782.0x7a8721a9d64c74da899424c1b52acbf58ddc9782.slitherConstructorVariables"", ""dot_file"": ""D:\\learning\\MSPE-CKG\\graph_output\\0x7a8721a9d64c74da899424c1b52acbf58ddc9782\\cfg__0x7a8721a9d64c74da899424c1b52acbf58ddc9782.sol-PrivateDeposit-slitherConstructorVariables().dot"", ""actual_contract_name"": ""PrivateDeposit""}"
functionref:0x7a8721a9d64c74da899424c1b52acbf58ddc9782.0x7a8721a9d64c74da899424c1b52acbf58ddc9782.124_onlyOwner,FunctionRef,124_onlyOwner,0x7a8721a9d64c74da899424c1b52acbf58ddc9782.sol,0x7a8721a9d64c74da899424c1b52acbf58ddc9782,124_onlyOwner,,,"{""_layers"": [""stage4_control""], ""kind"": ""callgraph_function"", ""actual_contract_name"": """"}"
externalcallsite:0x7a8721a9d64c74da899424c1b52acbf58ddc9782.CashOut.2,ExternalCallSite,LOW_LEVEL_CALL,0x7a8721a9d64c74da899424c1b52acbf58ddc9782.sol,0x7a8721a9d64c74da899424c1b52acbf58ddc9782,CashOut,,,"{""_layers"": [""stage5_highlevel""], ""ir_stmt_index"": 2, ""call_kind"": ""LOW_LEVEL_CALL"", ""dest"": ""msg.sender"", ""target_function"": ""call"", ""original_external_call_node"": ""externalcall:0x7a8721a9d64c74da899424c1b52acbf58ddc9782.CashOut.2""}"
criticalwrite:0x7a8721a9d64c74da899424c1b52acbf58ddc9782.CashOut.3.balances,CriticalStateWrite,balances,0x7a8721a9d64c74da899424c1b52acbf58ddc9782.sol,0x7a8721a9d64c74da899424c1b52acbf58ddc9782,CashOut,,,"{""_layers"": [""stage5_highlevel""], ""state_var"": ""balances"", ""ir_stmt_index"": 3, ""original_statewrite_node"": ""statewrite:0x7a8721a9d64c74da899424c1b52acbf58ddc9782.CashOut.3"", ""pre_version"": ""version:0x7a8721a9d64c74da899424c1b52acbf58ddc9782.balances_4"", ""post_version"": ""version:0x7a8721a9d64c74da899424c1b52acbf58ddc9782.balances_5"", ""commit_node"": ""commit:0x7a8721a9d64c74da899424c1b52acbf58ddc9782.CashOut.3"", ""inferred"": false, ""assignment_node_id"": """"}"
stateguard:0x7a8721a9d64c74da899424c1b52acbf58ddc9782.CashOut.read.2.balances,StateGuard,balances,0x7a8721a9d64c74da899424c1b52acbf58ddc9782.sol,0x7a8721a9d64c74da899424c1b52acbf58ddc9782,CashOut,49,57,"{""_layers"": [""stage5_highlevel""], ""guard_kind"": ""pre_call_state_read"", ""state_var"": ""balances"", ""read_stmt_indices"": [1], ""read_node_ids"": [""stateread:0x7a8721a9d64c74da899424c1b52acbf58ddc9782.CashOut.1.1""]}"
callbeforeeffect:0x7a8721a9d64c74da899424c1b52acbf58ddc9782.CashOut.2.balances,CallBeforeEffect,balances,0x7a8721a9d64c74da899424c1b52acbf58ddc9782.sol,0x7a8721a9d64c74da899424c1b52acbf58ddc9782,CashOut,,,"{""_layers"": [""stage5_highlevel""], ""state_var"": ""balances"", ""external_call_stmt_index"": 2, ""write_stmt_indices"": [3], ""external_call_site"": ""externalcallsite:0x7a8721a9d64c74da899424c1b52acbf58ddc9782.CashOut.2""}"
reentrancycandidate:0x7a8721a9d64c74da899424c1b52acbf58ddc9782.CashOut.2.balances,ReentrancyCandidate,balances,0x7a8721a9d64c74da899424c1b52acbf58ddc9782.sol,0x7a8721a9d64c74da899424c1b52acbf58ddc9782,CashOut,,,"{""_layers"": [""stage5_highlevel""], ""state_var"": ""balances"", ""external_call_stmt_index"": 2, ""write_stmt_indices"": [3], ""has_require_guard"": false, ""has_state_read_guard"": true, ""function_id"": ""function:0x7a8721a9d64c74da899424c1b52acbf58ddc9782.CashOut""}"
externalcallsite:0x7a8721a9d64c74da899424c1b52acbf58ddc9782.CashOut.4,ExternalCallSite,HIGH_LEVEL_CALL,0x7a8721a9d64c74da899424c1b52acbf58ddc9782.sol,0x7a8721a9d64c74da899424c1b52acbf58ddc9782,CashOut,,,"{""_layers"": [""stage5_highlevel""], ""ir_stmt_index"": 4, ""call_kind"": ""HIGH_LEVEL_CALL"", ""dest"": ""TransferLog(Log)"", ""target_function"": ""AddMessage"", ""original_external_call_node"": ""externalcall:0x7a8721a9d64c74da899424c1b52acbf58ddc9782.CashOut.4""}"
externalcallsite:0x7a8721a9d64c74da899424c1b52acbf58ddc9782.Deposit.3,ExternalCallSite,HIGH_LEVEL_CALL,0x7a8721a9d64c74da899424c1b52acbf58ddc9782.sol,0x7a8721a9d64c74da899424c1b52acbf58ddc9782,Deposit,,,"{""_layers"": [""stage5_highlevel""], ""ir_stmt_index"": 3, ""call_kind"": ""HIGH_LEVEL_CALL"", ""dest"": ""TransferLog(Log)"", ""target_function"": ""AddMessage"", ""original_external_call_node"": ""externalcall:0x7a8721a9d64c74da899424c1b52acbf58ddc9782.Deposit.3""}"
