src,relation,dst,extra_json
contract:0x4e73b32ed6c35f570686b89848e5f39f20ecc106,hasStateVar,statevar:0x4e73b32ed6c35f570686b89848e5f39f20ecc106.balances,"{""_layers"": [""stage1_ast""]}"
contract:0x4e73b32ed6c35f570686b89848e5f39f20ecc106,hasStateVar,statevar:0x4e73b32ed6c35f570686b89848e5f39f20ecc106.MinSum,"{""_layers"": [""stage1_ast""]}"
contract:0x4e73b32ed6c35f570686b89848e5f39f20ecc106,hasStateVar,statevar:0x4e73b32ed6c35f570686b89848e5f39f20ecc106.Log,"{""_layers"": [""stage1_ast""]}"
contract:0x4e73b32ed6c35f570686b89848e5f39f20ecc106,hasStateVar,statevar:0x4e73b32ed6c35f570686b89848e5f39f20ecc106.intitalized,"{""_layers"": [""stage1_ast""]}"
contract:0x4e73b32ed6c35f570686b89848e5f39f20ecc106,hasFunction,function:0x4e73b32ed6c35f570686b89848e5f39f20ecc106.SetMinSum,"{""_layers"": [""stage1_ast""]}"
function:0x4e73b32ed6c35f570686b89848e5f39f20ecc106.SetMinSum,hasModifier,modifier:0x4e73b32ed6c35f570686b89848e5f39f20ecc106.SetMinSum.1,"{""_layers"": [""stage1_ast""]}"
function:0x4e73b32ed6c35f570686b89848e5f39f20ecc106.SetMinSum,containsStmt,stmt:0x4e73b32ed6c35f570686b89848e5f39f20ecc106.SetMinSum.1,"{""_layers"": [""stage1_ast""]}"
function:0x4e73b32ed6c35f570686b89848e5f39f20ecc106.SetMinSum,entryPointIs,stmt:0x4e73b32ed6c35f570686b89848e5f39f20ecc106.SetMinSum.1,"{""_layers"": [""stage1_ast""]}"
stmt:0x4e73b32ed6c35f570686b89848e5f39f20ecc106.SetMinSum.1,containsRequire,require:0x4e73b32ed6c35f570686b89848e5f39f20ecc106.SetMinSum.1.1,"{""_layers"": [""stage1_ast""]}"
function:0x4e73b32ed6c35f570686b89848e5f39f20ecc106.SetMinSum,containsStmt,stmt:0x4e73b32ed6c35f570686b89848e5f39f20ecc106.SetMinSum.2,"{""_layers"": [""stage1_ast""]}"
stmt:0x4e73b32ed6c35f570686b89848e5f39f20ecc106.SetMinSum.1,hasNext,stmt:0x4e73b32ed6c35f570686b89848e5f39f20ecc106.SetMinSum.2,"{""_layers"": [""stage1_ast""]}"
stmt:0x4e73b32ed6c35f570686b89848e5f39f20ecc106.SetMinSum.2,containsAssignment,assign:0x4e73b32ed6c35f570686b89848e5f39f20ecc106.SetMinSum.2.1,"{""_layers"": [""stage1_ast""]}"
contract:0x4e73b32ed6c35f570686b89848e5f39f20ecc106,hasFunction,function:0x4e73b32ed6c35f570686b89848e5f39f20ecc106.SetLogFile,"{""_layers"": [""stage1_ast""]}"
function:0x4e73b32ed6c35f570686b89848e5f39f20ecc106.SetLogFile,hasModifier,modifier:0x4e73b32ed6c35f570686b89848e5f39f20ecc106.SetLogFile.1,"{""_layers"": [""stage1_ast""]}"
function:0x4e73b32ed6c35f570686b89848e5f39f20ecc106.SetLogFile,containsStmt,stmt:0x4e73b32ed6c35f570686b89848e5f39f20ecc106.SetLogFile.1,"{""_layers"": [""stage1_ast""]}"
function:0x4e73b32ed6c35f570686b89848e5f39f20ecc106.SetLogFile,entryPointIs,stmt:0x4e73b32ed6c35f570686b89848e5f39f20ecc106.SetLogFile.1,"{""_layers"": [""stage1_ast""]}"
stmt:0x4e73b32ed6c35f570686b89848e5f39f20ecc106.SetLogFile.1,containsRequire,require:0x4e73b32ed6c35f570686b89848e5f39f20ecc106.SetLogFile.1.1,"{""_layers"": [""stage1_ast""]}"
function:0x4e73b32ed6c35f570686b89848e5f39f20ecc106.SetLogFile,containsStmt,stmt:0x4e73b32ed6c35f570686b89848e5f39f20ecc106.SetLogFile.2,"{""_layers"": [""stage1_ast""]}"
stmt:0x4e73b32ed6c35f570686b89848e5f39f20ecc106.SetLogFile.1,hasNext,stmt:0x4e73b32ed6c35f570686b89848e5f39f20ecc106.SetLogFile.2,"{""_layers"": [""stage1_ast""]}"
stmt:0x4e73b32ed6c35f570686b89848e5f39f20ecc106.SetLogFile.2,containsAssignment,assign:0x4e73b32ed6c35f570686b89848e5f39f20ecc106.SetLogFile.2.1,"{""_layers"": [""stage1_ast""]}"
stmt:0x4e73b32ed6c35f570686b89848e5f39f20ecc106.SetLogFile.2,containsCall,call:0x4e73b32ed6c35f570686b89848e5f39f20ecc106.SetLogFile.2.1,"{""_layers"": [""stage1_ast""]}"
contract:0x4e73b32ed6c35f570686b89848e5f39f20ecc106,hasFunction,function:0x4e73b32ed6c35f570686b89848e5f39f20ecc106.Initialized,"{""_layers"": [""stage1_ast""]}"
function:0x4e73b32ed6c35f570686b89848e5f39f20ecc106.Initialized,hasModifier,modifier:0x4e73b32ed6c35f570686b89848e5f39f20ecc106.Initialized.1,"{""_layers"": [""stage1_ast""]}"
function:0x4e73b32ed6c35f570686b89848e5f39f20ecc106.Initialized,containsStmt,stmt:0x4e73b32ed6c35f570686b89848e5f39f20ecc106.Initialized.1,"{""_layers"": [""stage1_ast""]}"
function:0x4e73b32ed6c35f570686b89848e5f39f20ecc106.Initialized,entryPointIs,stmt:0x4e73b32ed6c35f570686b89848e5f39f20ecc106.Initialized.1,"{""_layers"": [""stage1_ast""]}"
stmt:0x4e73b32ed6c35f570686b89848e5f39f20ecc106.Initialized.1,containsAssignment,assign:0x4e73b32ed6c35f570686b89848e5f39f20ecc106.Initialized.1.1,"{""_layers"": [""stage1_ast""]}"
contract:0x4e73b32ed6c35f570686b89848e5f39f20ecc106,hasFunction,function:0x4e73b32ed6c35f570686b89848e5f39f20ecc106.Deposit,"{""_layers"": [""stage1_ast""]}"
function:0x4e73b32ed6c35f570686b89848e5f39f20ecc106.Deposit,hasModifier,modifier:0x4e73b32ed6c35f570686b89848e5f39f20ecc106.Deposit.1,"{""_layers"": [""stage1_ast""]}"
function:0x4e73b32ed6c35f570686b89848e5f39f20ecc106.Deposit,containsStmt,stmt:0x4e73b32ed6c35f570686b89848e5f39f20ecc106.Deposit.1,"{""_layers"": [""stage1_ast""]}"
function:0x4e73b32ed6c35f570686b89848e5f39f20ecc106.Deposit,entryPointIs,stmt:0x4e73b32ed6c35f570686b89848e5f39f20ecc106.Deposit.1,"{""_layers"": [""stage1_ast""]}"
stmt:0x4e73b32ed6c35f570686b89848e5f39f20ecc106.Deposit.1,containsAssignment,assign:0x4e73b32ed6c35f570686b89848e5f39f20ecc106.Deposit.1.1,"{""_layers"": [""stage1_ast""]}"
function:0x4e73b32ed6c35f570686b89848e5f39f20ecc106.Deposit,containsStmt,stmt:0x4e73b32ed6c35f570686b89848e5f39f20ecc106.Deposit.2,"{""_layers"": [""stage1_ast""]}"
stmt:0x4e73b32ed6c35f570686b89848e5f39f20ecc106.Deposit.1,hasNext,stmt:0x4e73b32ed6c35f570686b89848e5f39f20ecc106.Deposit.2,"{""_layers"": [""stage1_ast""]}"
stmt:0x4e73b32ed6c35f570686b89848e5f39f20ecc106.Deposit.2,containsCall,call:0x4e73b32ed6c35f570686b89848e5f39f20ecc106.Deposit.2.1,"{""_layers"": [""stage1_ast""]}"
contract:0x4e73b32ed6c35f570686b89848e5f39f20ecc106,hasFunction,function:0x4e73b32ed6c35f570686b89848e5f39f20ecc106.Collect,"{""_layers"": [""stage1_ast""]}"
function:0x4e73b32ed6c35f570686b89848e5f39f20ecc106.Collect,hasModifier,modifier:0x4e73b32ed6c35f570686b89848e5f39f20ecc106.Collect.1,"{""_layers"": [""stage1_ast""]}"
function:0x4e73b32ed6c35f570686b89848e5f39f20ecc106.Collect,containsStmt,stmt:0x4e73b32ed6c35f570686b89848e5f39f20ecc106.Collect.1,"{""_layers"": [""stage1_ast""]}"
function:0x4e73b32ed6c35f570686b89848e5f39f20ecc106.Collect,entryPointIs,stmt:0x4e73b32ed6c35f570686b89848e5f39f20ecc106.Collect.1,"{""_layers"": [""stage1_ast""]}"
stmt:0x4e73b32ed6c35f570686b89848e5f39f20ecc106.Collect.1,containsAssignment,assign:0x4e73b32ed6c35f570686b89848e5f39f20ecc106.Collect.1.1,"{""_layers"": [""stage1_ast""]}"
stmt:0x4e73b32ed6c35f570686b89848e5f39f20ecc106.Collect.1,containsCall,call:0x4e73b32ed6c35f570686b89848e5f39f20ecc106.Collect.1.1,"{""_layers"": [""stage1_ast""]}"
stmt:0x4e73b32ed6c35f570686b89848e5f39f20ecc106.Collect.1,containsCall,call:0x4e73b32ed6c35f570686b89848e5f39f20ecc106.Collect.1.2,"{""_layers"": [""stage1_ast""]}"
stmt:0x4e73b32ed6c35f570686b89848e5f39f20ecc106.Collect.1,containsCall,call:0x4e73b32ed6c35f570686b89848e5f39f20ecc106.Collect.1.3,"{""_layers"": [""stage1_ast""]}"
contract:0x4e73b32ed6c35f570686b89848e5f39f20ecc106,hasFunction,function:0x4e73b32ed6c35f570686b89848e5f39f20ecc106.constructor,"{""_layers"": [""stage1_ast""]}"
function:0x4e73b32ed6c35f570686b89848e5f39f20ecc106.constructor,hasModifier,modifier:0x4e73b32ed6c35f570686b89848e5f39f20ecc106.constructor.1,"{""_layers"": [""stage1_ast""]}"
function:0x4e73b32ed6c35f570686b89848e5f39f20ecc106.constructor,containsStmt,stmt:0x4e73b32ed6c35f570686b89848e5f39f20ecc106.constructor.1,"{""_layers"": [""stage1_ast""]}"
function:0x4e73b32ed6c35f570686b89848e5f39f20ecc106.constructor,entryPointIs,stmt:0x4e73b32ed6c35f570686b89848e5f39f20ecc106.constructor.1,"{""_layers"": [""stage1_ast""]}"
stmt:0x4e73b32ed6c35f570686b89848e5f39f20ecc106.constructor.1,containsCall,call:0x4e73b32ed6c35f570686b89848e5f39f20ecc106.constructor.1.1,"{""_layers"": [""stage1_ast""]}"
assign:0x4e73b32ed6c35f570686b89848e5f39f20ecc106.Deposit.1.1,writesStateVar,statevar:0x4e73b32ed6c35f570686b89848e5f39f20ecc106.balances,"{""_layers"": [""stage2_ir""], ""ir_stmt_index"": 1, ""state_var"": ""balances"", ""index"": ""msg.sender"", ""evidence_ref"": ""raw_ir:0x4e73b32ed6c35f570686b89848e5f39f20ecc106.Deposit.1""}"
statewrite:0x4e73b32ed6c35f570686b89848e5f39f20ecc106.Deposit.1,targetsStateVar,statevar:0x4e73b32ed6c35f570686b89848e5f39f20ecc106.balances,"{""_layers"": [""stage2_ir""], ""ir_stmt_index"": 1, ""state_var"": ""balances"", ""index"": ""msg.sender"", ""evidence_ref"": ""raw_ir:0x4e73b32ed6c35f570686b89848e5f39f20ecc106.Deposit.1""}"
stmt:0x4e73b32ed6c35f570686b89848e5f39f20ecc106.Deposit.1,readsStateVar,statevar:0x4e73b32ed6c35f570686b89848e5f39f20ecc106.balances,"{""_layers"": [""stage2_ir""], ""ir_stmt_index"": 1, ""state_var"": ""balances"", ""index"": ""msg.sender"", ""evidence_ref"": ""raw_ir:0x4e73b32ed6c35f570686b89848e5f39f20ecc106.Deposit.1""}"
stateread:0x4e73b32ed6c35f570686b89848e5f39f20ecc106.Deposit.1.1,targetsStateVar,statevar:0x4e73b32ed6c35f570686b89848e5f39f20ecc106.balances,"{""_layers"": [""stage2_ir""], ""ir_stmt_index"": 1, ""state_var"": ""balances"", ""index"": ""msg.sender"", ""evidence_ref"": ""raw_ir:0x4e73b32ed6c35f570686b89848e5f39f20ecc106.Deposit.1""}"
call:0x4e73b32ed6c35f570686b89848e5f39f20ecc106.Deposit.2.1,callsExternal,externalcall:0x4e73b32ed6c35f570686b89848e5f39f20ecc106.Deposit.2,"{""_layers"": [""stage2_ir""], ""ir_stmt_index"": 2, ""call_kind"": ""HIGH_LEVEL_CALL"", ""dest"": ""Log(LogFile)"", ""function"": ""AddMessage"", ""value"": """", ""evidence_ref"": ""raw_ir:0x4e73b32ed6c35f570686b89848e5f39f20ecc106.Deposit.2""}"
stmt:0x4e73b32ed6c35f570686b89848e5f39f20ecc106.Collect.1,readsStateVar,statevar:0x4e73b32ed6c35f570686b89848e5f39f20ecc106.balances,"{""_layers"": [""stage2_ir""], ""ir_stmt_index"": 1, ""state_var"": ""balances"", ""index"": ""msg.sender"", ""evidence_ref"": ""raw_ir:0x4e73b32ed6c35f570686b89848e5f39f20ecc106.Collect.1""}"
stateread:0x4e73b32ed6c35f570686b89848e5f39f20ecc106.Collect.1.1,targetsStateVar,statevar:0x4e73b32ed6c35f570686b89848e5f39f20ecc106.balances,"{""_layers"": [""stage2_ir""], ""ir_stmt_index"": 1, ""state_var"": ""balances"", ""index"": ""msg.sender"", ""evidence_ref"": ""raw_ir:0x4e73b32ed6c35f570686b89848e5f39f20ecc106.Collect.1""}"
stateread:0x4e73b32ed6c35f570686b89848e5f39f20ecc106.Collect.1.2,targetsStateVar,statevar:0x4e73b32ed6c35f570686b89848e5f39f20ecc106.balances,"{""_layers"": [""stage2_ir""], ""ir_stmt_index"": 1, ""state_var"": ""balances"", ""index"": ""msg.sender"", ""evidence_ref"": ""raw_ir:0x4e73b32ed6c35f570686b89848e5f39f20ecc106.Collect.1""}"
statewrite:0x4e73b32ed6c35f570686b89848e5f39f20ecc106.Collect.3,targetsStateVar,statevar:0x4e73b32ed6c35f570686b89848e5f39f20ecc106.balances,"{""_layers"": [""stage2_ir""], ""ir_stmt_index"": 3, ""state_var"": ""balances"", ""index"": ""msg.sender"", ""evidence_ref"": ""raw_ir:0x4e73b32ed6c35f570686b89848e5f39f20ecc106.Collect.3""}"
stateread:0x4e73b32ed6c35f570686b89848e5f39f20ecc106.Collect.3.1,targetsStateVar,statevar:0x4e73b32ed6c35f570686b89848e5f39f20ecc106.balances,"{""_layers"": [""stage2_ir""], ""ir_stmt_index"": 3, ""state_var"": ""balances"", ""index"": ""msg.sender"", ""evidence_ref"": ""raw_ir:0x4e73b32ed6c35f570686b89848e5f39f20ecc106.Collect.3""}"
commit:0x4e73b32ed6c35f570686b89848e5f39f20ecc106.Deposit.1,commitsVar,statevar:0x4e73b32ed6c35f570686b89848e5f39f20ecc106.balances,"{""_layers"": [""stage3_ssa""], ""ssa_stmt_index"": 1, ""base_state_var"": ""balances"", ""pre_version"": ""balances_1"", ""post_version"": ""balances_2"", ""evidence_ref"": ""raw_ssa:0x4e73b32ed6c35f570686b89848e5f39f20ecc106.Deposit.1""}"
statewrite:0x4e73b32ed6c35f570686b89848e5f39f20ecc106.Deposit.1,preStateVersion,version:0x4e73b32ed6c35f570686b89848e5f39f20ecc106.balances_1,"{""_layers"": [""stage3_ssa""], ""ssa_stmt_index"": 1, ""base_state_var"": ""balances"", ""pre_version"": ""balances_1"", ""post_version"": ""balances_2"", ""evidence_ref"": ""raw_ssa:0x4e73b32ed6c35f570686b89848e5f39f20ecc106.Deposit.1""}"
statewrite:0x4e73b32ed6c35f570686b89848e5f39f20ecc106.Deposit.1,postStateVersion,version:0x4e73b32ed6c35f570686b89848e5f39f20ecc106.balances_2,"{""_layers"": [""stage3_ssa""], ""ssa_stmt_index"": 1, ""base_state_var"": ""balances"", ""pre_version"": ""balances_1"", ""post_version"": ""balances_2"", ""evidence_ref"": ""raw_ssa:0x4e73b32ed6c35f570686b89848e5f39f20ecc106.Deposit.1""}"
statewrite:0x4e73b32ed6c35f570686b89848e5f39f20ecc106.Deposit.1,commitsState,commit:0x4e73b32ed6c35f570686b89848e5f39f20ecc106.Deposit.1,"{""_layers"": [""stage3_ssa""], ""ssa_stmt_index"": 1, ""base_state_var"": ""balances"", ""pre_version"": ""balances_1"", ""post_version"": ""balances_2"", ""evidence_ref"": ""raw_ssa:0x4e73b32ed6c35f570686b89848e5f39f20ecc106.Deposit.1""}"
commit:0x4e73b32ed6c35f570686b89848e5f39f20ecc106.Collect.3,commitsVar,statevar:0x4e73b32ed6c35f570686b89848e5f39f20ecc106.balances,"{""_layers"": [""stage3_ssa""], ""ssa_stmt_index"": 3, ""base_state_var"": ""balances"", ""pre_version"": ""balances_4"", ""post_version"": ""balances_5"", ""evidence_ref"": ""raw_ssa:0x4e73b32ed6c35f570686b89848e5f39f20ecc106.Collect.3""}"
statewrite:0x4e73b32ed6c35f570686b89848e5f39f20ecc106.Collect.3,preStateVersion,version:0x4e73b32ed6c35f570686b89848e5f39f20ecc106.balances_4,"{""_layers"": [""stage3_ssa""], ""ssa_stmt_index"": 3, ""base_state_var"": ""balances"", ""pre_version"": ""balances_4"", ""post_version"": ""balances_5"", ""evidence_ref"": ""raw_ssa:0x4e73b32ed6c35f570686b89848e5f39f20ecc106.Collect.3""}"
statewrite:0x4e73b32ed6c35f570686b89848e5f39f20ecc106.Collect.3,postStateVersion,version:0x4e73b32ed6c35f570686b89848e5f39f20ecc106.balances_5,"{""_layers"": [""stage3_ssa""], ""ssa_stmt_index"": 3, ""base_state_var"": ""balances"", ""pre_version"": ""balances_4"", ""post_version"": ""balances_5"", ""evidence_ref"": ""raw_ssa:0x4e73b32ed6c35f570686b89848e5f39f20ecc106.Collect.3""}"
statewrite:0x4e73b32ed6c35f570686b89848e5f39f20ecc106.Collect.3,commitsState,commit:0x4e73b32ed6c35f570686b89848e5f39f20ecc106.Collect.3,"{""_layers"": [""stage3_ssa""], ""ssa_stmt_index"": 3, ""base_state_var"": ""balances"", ""pre_version"": ""balances_4"", ""post_version"": ""balances_5"", ""evidence_ref"": ""raw_ssa:0x4e73b32ed6c35f570686b89848e5f39f20ecc106.Collect.3""}"
cfgentry:0x4e73b32ed6c35f570686b89848e5f39f20ecc106.0x4e73b32ed6c35f570686b89848e5f39f20ecc106.Collect,entryOf,function:0x4e73b32ed6c35f570686b89848e5f39f20ecc106.Collect,"{""_layers"": [""stage4_control""], ""function"": ""Collect(uint256)""}"
cfgexit:0x4e73b32ed6c35f570686b89848e5f39f20ecc106.0x4e73b32ed6c35f570686b89848e5f39f20ecc106.Collect,exitOf,function:0x4e73b32ed6c35f570686b89848e5f39f20ecc106.Collect,"{""_layers"": [""stage4_control""], ""function"": ""Collect(uint256)""}"
cfgnode:0x4e73b32ed6c35f570686b89848e5f39f20ecc106.0x4e73b32ed6c35f570686b89848e5f39f20ecc106.Collect.2,inFunction,function:0x4e73b32ed6c35f570686b89848e5f39f20ecc106.Collect,"{""_layers"": [""stage4_control""], ""function"": ""Collect(uint256)""}"
cfgnode:0x4e73b32ed6c35f570686b89848e5f39f20ecc106.0x4e73b32ed6c35f570686b89848e5f39f20ecc106.Collect.4,inFunction,function:0x4e73b32ed6c35f570686b89848e5f39f20ecc106.Collect,"{""_layers"": [""stage4_control""], ""function"": ""Collect(uint256)""}"
cfgnode:0x4e73b32ed6c35f570686b89848e5f39f20ecc106.0x4e73b32ed6c35f570686b89848e5f39f20ecc106.Collect.5,inFunction,function:0x4e73b32ed6c35f570686b89848e5f39f20ecc106.Collect,"{""_layers"": [""stage4_control""], ""function"": ""Collect(uint256)""}"
cfgnode:0x4e73b32ed6c35f570686b89848e5f39f20ecc106.0x4e73b32ed6c35f570686b89848e5f39f20ecc106.Collect.6,inFunction,function:0x4e73b32ed6c35f570686b89848e5f39f20ecc106.Collect,"{""_layers"": [""stage4_control""], ""function"": ""Collect(uint256)""}"
cfgnode:0x4e73b32ed6c35f570686b89848e5f39f20ecc106.0x4e73b32ed6c35f570686b89848e5f39f20ecc106.Collect.2,branchTo,cfgnode:0x4e73b32ed6c35f570686b89848e5f39f20ecc106.0x4e73b32ed6c35f570686b89848e5f39f20ecc106.Collect.5,"{""_layers"": [""stage4_control""], ""function"": ""Collect(uint256)"", ""dot_edge_attrs"": {""label"": ""False""}, ""cfg_file"": ""D:\\learning\\MSPE-CKG\\graph_output\\0x4e73b32ed6c35f570686b89848e5f39f20ecc106\\cfg__0x4e73b32ed6c35f570686b89848e5f39f20ecc106.sol-PRIVATE_ETH_CELL-Collect(uint256).dot""}"
cfgnode:0x4e73b32ed6c35f570686b89848e5f39f20ecc106.0x4e73b32ed6c35f570686b89848e5f39f20ecc106.Collect.4,nextBlock,cfgnode:0x4e73b32ed6c35f570686b89848e5f39f20ecc106.0x4e73b32ed6c35f570686b89848e5f39f20ecc106.Collect.5,"{""_layers"": [""stage4_control""], ""function"": ""Collect(uint256)"", ""dot_edge_attrs"": {}, ""cfg_file"": ""D:\\learning\\MSPE-CKG\\graph_output\\0x4e73b32ed6c35f570686b89848e5f39f20ecc106\\cfg__0x4e73b32ed6c35f570686b89848e5f39f20ecc106.sol-PRIVATE_ETH_CELL-Collect(uint256).dot""}"
cfgnode:0x4e73b32ed6c35f570686b89848e5f39f20ecc106.0x4e73b32ed6c35f570686b89848e5f39f20ecc106.Collect.5,nextBlock,cfgnode:0x4e73b32ed6c35f570686b89848e5f39f20ecc106.0x4e73b32ed6c35f570686b89848e5f39f20ecc106.Collect.6,"{""_layers"": [""stage4_control""], ""function"": ""Collect(uint256)"", ""dot_edge_attrs"": {}, ""cfg_file"": ""D:\\learning\\MSPE-CKG\\graph_output\\0x4e73b32ed6c35f570686b89848e5f39f20ecc106\\cfg__0x4e73b32ed6c35f570686b89848e5f39f20ecc106.sol-PRIVATE_ETH_CELL-Collect(uint256).dot""}"
cfgnode:0x4e73b32ed6c35f570686b89848e5f39f20ecc106.0x4e73b32ed6c35f570686b89848e5f39f20ecc106.Collect.6,flowsToExit,cfgexit:0x4e73b32ed6c35f570686b89848e5f39f20ecc106.0x4e73b32ed6c35f570686b89848e5f39f20ecc106.Collect,"{""_layers"": [""stage4_control""], ""function"": ""Collect(uint256)""}"
cfgentry:0x4e73b32ed6c35f570686b89848e5f39f20ecc106.0x4e73b32ed6c35f570686b89848e5f39f20ecc106.Deposit,entryOf,function:0x4e73b32ed6c35f570686b89848e5f39f20ecc106.Deposit,"{""_layers"": [""stage4_control""], ""function"": ""Deposit()""}"
cfgexit:0x4e73b32ed6c35f570686b89848e5f39f20ecc106.0x4e73b32ed6c35f570686b89848e5f39f20ecc106.Deposit,exitOf,function:0x4e73b32ed6c35f570686b89848e5f39f20ecc106.Deposit,"{""_layers"": [""stage4_control""], ""function"": ""Deposit()""}"
cfgnode:0x4e73b32ed6c35f570686b89848e5f39f20ecc106.0x4e73b32ed6c35f570686b89848e5f39f20ecc106.Deposit.2,inFunction,function:0x4e73b32ed6c35f570686b89848e5f39f20ecc106.Deposit,"{""_layers"": [""stage4_control""], ""function"": ""Deposit()""}"
cfgnode:0x4e73b32ed6c35f570686b89848e5f39f20ecc106.0x4e73b32ed6c35f570686b89848e5f39f20ecc106.Deposit.2,flowsToExit,cfgexit:0x4e73b32ed6c35f570686b89848e5f39f20ecc106.0x4e73b32ed6c35f570686b89848e5f39f20ecc106.Deposit,"{""_layers"": [""stage4_control""], ""function"": ""Deposit()""}"
cfgentry:0x4e73b32ed6c35f570686b89848e5f39f20ecc106.0x4e73b32ed6c35f570686b89848e5f39f20ecc106.fallback,entryOf,functionref:0x4e73b32ed6c35f570686b89848e5f39f20ecc106.0x4e73b32ed6c35f570686b89848e5f39f20ecc106.fallback,"{""_layers"": [""stage4_control""], ""function"": ""fallback()""}"
cfgexit:0x4e73b32ed6c35f570686b89848e5f39f20ecc106.0x4e73b32ed6c35f570686b89848e5f39f20ecc106.fallback,exitOf,functionref:0x4e73b32ed6c35f570686b89848e5f39f20ecc106.0x4e73b32ed6c35f570686b89848e5f39f20ecc106.fallback,"{""_layers"": [""stage4_control""], ""function"": ""fallback()""}"
cfgnode:0x4e73b32ed6c35f570686b89848e5f39f20ecc106.0x4e73b32ed6c35f570686b89848e5f39f20ecc106.fallback.1,inFunction,functionref:0x4e73b32ed6c35f570686b89848e5f39f20ecc106.0x4e73b32ed6c35f570686b89848e5f39f20ecc106.fallback,"{""_layers"": [""stage4_control""], ""function"": ""fallback()""}"
cfgnode:0x4e73b32ed6c35f570686b89848e5f39f20ecc106.0x4e73b32ed6c35f570686b89848e5f39f20ecc106.fallback.1,flowsToExit,cfgexit:0x4e73b32ed6c35f570686b89848e5f39f20ecc106.0x4e73b32ed6c35f570686b89848e5f39f20ecc106.fallback,"{""_layers"": [""stage4_control""], ""function"": ""fallback()""}"
cfgentry:0x4e73b32ed6c35f570686b89848e5f39f20ecc106.0x4e73b32ed6c35f570686b89848e5f39f20ecc106.Initialized,entryOf,function:0x4e73b32ed6c35f570686b89848e5f39f20ecc106.Initialized,"{""_layers"": [""stage4_control""], ""function"": ""Initialized()""}"
cfgexit:0x4e73b32ed6c35f570686b89848e5f39f20ecc106.0x4e73b32ed6c35f570686b89848e5f39f20ecc106.Initialized,exitOf,function:0x4e73b32ed6c35f570686b89848e5f39f20ecc106.Initialized,"{""_layers"": [""stage4_control""], ""function"": ""Initialized()""}"
cfgnode:0x4e73b32ed6c35f570686b89848e5f39f20ecc106.0x4e73b32ed6c35f570686b89848e5f39f20ecc106.Initialized.1,inFunction,function:0x4e73b32ed6c35f570686b89848e5f39f20ecc106.Initialized,"{""_layers"": [""stage4_control""], ""function"": ""Initialized()""}"
cfgnode:0x4e73b32ed6c35f570686b89848e5f39f20ecc106.0x4e73b32ed6c35f570686b89848e5f39f20ecc106.Initialized.1,flowsToExit,cfgexit:0x4e73b32ed6c35f570686b89848e5f39f20ecc106.0x4e73b32ed6c35f570686b89848e5f39f20ecc106.Initialized,"{""_layers"": [""stage4_control""], ""function"": ""Initialized()""}"
cfgentry:0x4e73b32ed6c35f570686b89848e5f39f20ecc106.0x4e73b32ed6c35f570686b89848e5f39f20ecc106.SetLogFile,entryOf,function:0x4e73b32ed6c35f570686b89848e5f39f20ecc106.SetLogFile,"{""_layers"": [""stage4_control""], ""function"": ""SetLogFile(address)""}"
cfgexit:0x4e73b32ed6c35f570686b89848e5f39f20ecc106.0x4e73b32ed6c35f570686b89848e5f39f20ecc106.SetLogFile,exitOf,function:0x4e73b32ed6c35f570686b89848e5f39f20ecc106.SetLogFile,"{""_layers"": [""stage4_control""], ""function"": ""SetLogFile(address)""}"
cfgnode:0x4e73b32ed6c35f570686b89848e5f39f20ecc106.0x4e73b32ed6c35f570686b89848e5f39f20ecc106.SetLogFile.1,inFunction,function:0x4e73b32ed6c35f570686b89848e5f39f20ecc106.SetLogFile,"{""_layers"": [""stage4_control""], ""function"": ""SetLogFile(address)""}"
cfgnode:0x4e73b32ed6c35f570686b89848e5f39f20ecc106.0x4e73b32ed6c35f570686b89848e5f39f20ecc106.SetLogFile.2,inFunction,function:0x4e73b32ed6c35f570686b89848e5f39f20ecc106.SetLogFile,"{""_layers"": [""stage4_control""], ""function"": ""SetLogFile(address)""}"
cfgnode:0x4e73b32ed6c35f570686b89848e5f39f20ecc106.0x4e73b32ed6c35f570686b89848e5f39f20ecc106.SetLogFile.1,nextBlock,cfgnode:0x4e73b32ed6c35f570686b89848e5f39f20ecc106.0x4e73b32ed6c35f570686b89848e5f39f20ecc106.SetLogFile.2,"{""_layers"": [""stage4_control""], ""function"": ""SetLogFile(address)"", ""dot_edge_attrs"": {}, ""cfg_file"": ""D:\\learning\\MSPE-CKG\\graph_output\\0x4e73b32ed6c35f570686b89848e5f39f20ecc106\\cfg__0x4e73b32ed6c35f570686b89848e5f39f20ecc106.sol-PRIVATE_ETH_CELL-SetLogFile(address).dot""}"
cfgnode:0x4e73b32ed6c35f570686b89848e5f39f20ecc106.0x4e73b32ed6c35f570686b89848e5f39f20ecc106.SetLogFile.2,flowsToExit,cfgexit:0x4e73b32ed6c35f570686b89848e5f39f20ecc106.0x4e73b32ed6c35f570686b89848e5f39f20ecc106.SetLogFile,"{""_layers"": [""stage4_control""], ""function"": ""SetLogFile(address)""}"
cfgentry:0x4e73b32ed6c35f570686b89848e5f39f20ecc106.0x4e73b32ed6c35f570686b89848e5f39f20ecc106.SetMinSum,entryOf,function:0x4e73b32ed6c35f570686b89848e5f39f20ecc106.SetMinSum,"{""_layers"": [""stage4_control""], ""function"": ""SetMinSum(uint256)""}"
cfgexit:0x4e73b32ed6c35f570686b89848e5f39f20ecc106.0x4e73b32ed6c35f570686b89848e5f39f20ecc106.SetMinSum,exitOf,function:0x4e73b32ed6c35f570686b89848e5f39f20ecc106.SetMinSum,"{""_layers"": [""stage4_control""], ""function"": ""SetMinSum(uint256)""}"
cfgnode:0x4e73b32ed6c35f570686b89848e5f39f20ecc106.0x4e73b32ed6c35f570686b89848e5f39f20ecc106.SetMinSum.1,inFunction,function:0x4e73b32ed6c35f570686b89848e5f39f20ecc106.SetMinSum,"{""_layers"": [""stage4_control""], ""function"": ""SetMinSum(uint256)""}"
cfgnode:0x4e73b32ed6c35f570686b89848e5f39f20ecc106.0x4e73b32ed6c35f570686b89848e5f39f20ecc106.SetMinSum.2,inFunction,function:0x4e73b32ed6c35f570686b89848e5f39f20ecc106.SetMinSum,"{""_layers"": [""stage4_control""], ""function"": ""SetMinSum(uint256)""}"
cfgnode:0x4e73b32ed6c35f570686b89848e5f39f20ecc106.0x4e73b32ed6c35f570686b89848e5f39f20ecc106.SetMinSum.1,nextBlock,cfgnode:0x4e73b32ed6c35f570686b89848e5f39f20ecc106.0x4e73b32ed6c35f570686b89848e5f39f20ecc106.SetMinSum.2,"{""_layers"": [""stage4_control""], ""function"": ""SetMinSum(uint256)"", ""dot_edge_attrs"": {}, ""cfg_file"": ""D:\\learning\\MSPE-CKG\\graph_output\\0x4e73b32ed6c35f570686b89848e5f39f20ecc106\\cfg__0x4e73b32ed6c35f570686b89848e5f39f20ecc106.sol-PRIVATE_ETH_CELL-SetMinSum(uint256).dot""}"
cfgnode:0x4e73b32ed6c35f570686b89848e5f39f20ecc106.0x4e73b32ed6c35f570686b89848e5f39f20ecc106.SetMinSum.2,flowsToExit,cfgexit:0x4e73b32ed6c35f570686b89848e5f39f20ecc106.0x4e73b32ed6c35f570686b89848e5f39f20ecc106.SetMinSum,"{""_layers"": [""stage4_control""], ""function"": ""SetMinSum(uint256)""}"
functionref:0x4e73b32ed6c35f570686b89848e5f39f20ecc106.0x4e73b32ed6c35f570686b89848e5f39f20ecc106.fallback,callsInternal,function:0x4e73b32ed6c35f570686b89848e5f39f20ecc106.Deposit,"{""_layers"": [""stage4_control""], ""src_label"": ""fallback"", ""dst_label"": ""Deposit"", ""callgraph_file"": ""D:\\learning\\MSPE-CKG\\graph_output\\0x4e73b32ed6c35f570686b89848e5f39f20ecc106\\call-graph__0x4e73b32ed6c35f570686b89848e5f39f20ecc106.sol.PRIVATE_ETH_CELL.call-graph.dot""}"
function:0x4e73b32ed6c35f570686b89848e5f39f20ecc106.SetMinSum,callsBuiltin,builtin:require(bool),"{""_layers"": [""stage4_control""], ""src_label"": ""SetMinSum"", ""dst_label"": ""require(bool)"", ""callgraph_file"": ""D:\\learning\\MSPE-CKG\\graph_output\\0x4e73b32ed6c35f570686b89848e5f39f20ecc106\\call-graph__0x4e73b32ed6c35f570686b89848e5f39f20ecc106.sol.PRIVATE_ETH_CELL.call-graph.dot""}"
function:0x4e73b32ed6c35f570686b89848e5f39f20ecc106.SetLogFile,callsBuiltin,builtin:require(bool),"{""_layers"": [""stage4_control""], ""src_label"": ""SetLogFile"", ""dst_label"": ""require(bool)"", ""callgraph_file"": ""D:\\learning\\MSPE-CKG\\graph_output\\0x4e73b32ed6c35f570686b89848e5f39f20ecc106\\call-graph__0x4e73b32ed6c35f570686b89848e5f39f20ecc106.sol.PRIVATE_ETH_CELL.call-graph.dot""}"
externalcallsite:0x4e73b32ed6c35f570686b89848e5f39f20ecc106.Collect.2,abstractsCall,externalcall:0x4e73b32ed6c35f570686b89848e5f39f20ecc106.Collect.2,"{""_layers"": [""stage5_highlevel""], ""function"": ""Collect""}"
criticalwrite:0x4e73b32ed6c35f570686b89848e5f39f20ecc106.Collect.3.balances,targetsStateVar,statevar:0x4e73b32ed6c35f570686b89848e5f39f20ecc106.balances,"{""_layers"": [""stage5_highlevel""], ""state_var"": ""balances""}"
criticalwrite:0x4e73b32ed6c35f570686b89848e5f39f20ecc106.Collect.3.balances,abstractsStateWrite,statewrite:0x4e73b32ed6c35f570686b89848e5f39f20ecc106.Collect.3,"{""_layers"": [""stage5_highlevel""], ""state_var"": ""balances""}"
stateguard:0x4e73b32ed6c35f570686b89848e5f39f20ecc106.Collect.read.2.balances,derivedFrom,stateread:0x4e73b32ed6c35f570686b89848e5f39f20ecc106.Collect.1.1,"{""_layers"": [""stage5_highlevel""], ""guard_kind"": ""pre_call_state_read""}"
stateguard:0x4e73b32ed6c35f570686b89848e5f39f20ecc106.Collect.read.2.balances,derivedFrom,stateread:0x4e73b32ed6c35f570686b89848e5f39f20ecc106.Collect.1.2,"{""_layers"": [""stage5_highlevel""], ""guard_kind"": ""pre_call_state_read""}"
callbeforeeffect:0x4e73b32ed6c35f570686b89848e5f39f20ecc106.Collect.2.balances,hasExternalCall,externalcallsite:0x4e73b32ed6c35f570686b89848e5f39f20ecc106.Collect.2,"{""_layers"": [""stage5_highlevel""], ""state_var"": ""balances""}"
callbeforeeffect:0x4e73b32ed6c35f570686b89848e5f39f20ecc106.Collect.2.balances,hasCriticalWrite,criticalwrite:0x4e73b32ed6c35f570686b89848e5f39f20ecc106.Collect.3.balances,"{""_layers"": [""stage5_highlevel""], ""state_var"": ""balances""}"
reentrancycandidate:0x4e73b32ed6c35f570686b89848e5f39f20ecc106.Collect.2.balances,hasCallBeforeEffect,callbeforeeffect:0x4e73b32ed6c35f570686b89848e5f39f20ecc106.Collect.2.balances,"{""_layers"": [""stage5_highlevel""], ""state_var"": ""balances""}"
reentrancycandidate:0x4e73b32ed6c35f570686b89848e5f39f20ecc106.Collect.2.balances,hasExternalCall,externalcallsite:0x4e73b32ed6c35f570686b89848e5f39f20ecc106.Collect.2,"{""_layers"": [""stage5_highlevel""], ""state_var"": ""balances""}"
reentrancycandidate:0x4e73b32ed6c35f570686b89848e5f39f20ecc106.Collect.2.balances,hasCriticalWrite,criticalwrite:0x4e73b32ed6c35f570686b89848e5f39f20ecc106.Collect.3.balances,"{""_layers"": [""stage5_highlevel""], ""state_var"": ""balances""}"
reentrancycandidate:0x4e73b32ed6c35f570686b89848e5f39f20ecc106.Collect.2.balances,guardedBy,stateguard:0x4e73b32ed6c35f570686b89848e5f39f20ecc106.Collect.read.2.balances,"{""_layers"": [""stage5_highlevel""], ""state_var"": ""balances""}"
reentrancycandidate:0x4e73b32ed6c35f570686b89848e5f39f20ecc106.Collect.2.balances,candidateInFunction,function:0x4e73b32ed6c35f570686b89848e5f39f20ecc106.Collect,"{""_layers"": [""stage5_highlevel""], ""state_var"": ""balances""}"
reentrancycandidate:0x4e73b32ed6c35f570686b89848e5f39f20ecc106.Collect.2.balances,candidateTargetsState,statevar:0x4e73b32ed6c35f570686b89848e5f39f20ecc106.balances,"{""_layers"": [""stage5_highlevel""], ""state_var"": ""balances""}"
externalcallsite:0x4e73b32ed6c35f570686b89848e5f39f20ecc106.Collect.4,abstractsCall,externalcall:0x4e73b32ed6c35f570686b89848e5f39f20ecc106.Collect.4,"{""_layers"": [""stage5_highlevel""], ""function"": ""Collect""}"
externalcallsite:0x4e73b32ed6c35f570686b89848e5f39f20ecc106.Deposit.2,abstractsCall,externalcall:0x4e73b32ed6c35f570686b89848e5f39f20ecc106.Deposit.2,"{""_layers"": [""stage5_highlevel""], ""function"": ""Deposit""}"
